DestLat,DestLon,Distance
61793,51.4706,-0.461941,242.81089399247946
66703,38.481899,106.009003,976.1011855215368
17139,23.39240074157715,113.29900360107422,672.2703799692479
32430,43.810001,11.2051,1317.0401481871786
56310,39.90240097045898,-84.21939849853516,856.4189992724889
21264,39.2976,-94.713898,632.2990554978732
56824,37.50519943237305,-77.3197021484375,1859.9636103091082
9570,13.681099891662598,100.74700164794922,673.5405578080735
44290,40.51969909667969,22.97089958190918,638.2460155252529
67404,39.1244010925,117.346000671,715.2753582314349
42777,31.143400192260746,121.80500030517578,1461.2107347843462
13622,52.5597,13.2877,1599.4668042592991
5531,35.2140007019043,-80.94309997558594,907.0741798698338
37625,-12.0219,-77.114305,3827.57056511568
32659,39.551700591999996,2.73881006241,712.6472183323896
25458,33.94250107,-118.40799709999999,1944.6452316669015
56040,29.98439979553223,-95.34140014648438,323.759253858548
52371,38.606899261500004,39.291400909400004,566.9205786691267
17091,36.5152015686,103.620002747,1594.3441714830503
60646,44.5711111,26.085,2457.9746524682664
13520,19.4363,-99.072098,2050.7079202094415
6764,38.69540023803711,-121.59100341796876,975.089316263444
33209,48.6898994446,9.22196006775,866.6539186577961
25312,27.975500106811523,-82.533203125,1939.2979187712533
17214,31.4944000244,120.429000854,805.1062047669692
5086,35.03530120849609,-85.20379638671875,840.2055686152863
7777,48.110298156738004,16.569700241089002,1664.8511463114305
19193,41.63980102539063,123.48300170898438,757.2410116420773
59250,37.9364013672,23.944499969499997,1086.2821640529971
62494,35.3396987915,25.1802997589,2145.455182487451
14815,25.79319953918457,-80.29060363769531,2050.7079202094415
55838,39.861698150635,-104.672996521,1356.7708249200514
67164,40.0801010131836,116.58499908447266,753.1644292862825
25562,47.449001,-122.308998,4050.968074881009
32299,38.8728981018,1.3731199502899998,276.1540763332039
66914,31.143400192260746,121.80500030517578,1653.5261410809796
25274,29.99340057373047,-90.25800323486328,1330.3866693839416
21699,35.04240036010742,-89.97669982910156,1005.5709941487708
39581,47.464698999999996,8.54917,1232.4770099194452
56292,36.1245002746582,-86.6781997680664,1201.0092247137677
67028,25.101944399999997,102.9291667,1721.674683288698
20581,41.338500976599995,-75.72339630130001,639.9099582368332
8136,40.77719879,-73.87259674,526.0363225770185
25074,36.1245002746582,-86.6781997680664,1201.0092247137677
66639,32.391101837158196,105.7020034790039,1247.5434814612522
36120,37.46910095214844,126.45099639892578,448.4486329472763
17008,23.39240074157715,113.29900360107422,1543.4537056220515
56159,36.58700180053711,-121.84300231933594,1540.7703043808765
4708,7.180759906768799,79.88410186767578,3300.109724333543
66973,30.578500747680664,103.9469985961914,2015.1411737566025
57710,48.646900177,-123.426002502,1229.1755194597313
60569,44.5711111,26.085,1980.4718075012772
48346,28.5665,77.103104,944.8311267698501
32437,36.67490005493164,-4.499110221862793,1639.5401066739696
19251,24.54400062561035,118.12799835205078,1557.7760775348488
18302,28.864999771118164,115.9000015258789,902.5763046441299
9065,38.0369987488,-87.53240203860001,563.5671813013656
24844,39.861698150635,-104.672996521,562.6630160989413
58694,42.36429977,-71.00520325,634.9360289769585
57529,39.861698150635,-104.672996521,1442.2746912667114
36610,33.6367,-84.428101,696.3169163964758
20573,40.652099609375,-75.44080352783203,681.7972562624138
20904,46.39830017,-94.13809967,247.30292239019502
56006,38.1744,-85.736,489.6067277060961
25153,37.721298,-122.221001,654.3376928574662
6387,33.67570114,-117.86799620000001,1384.544857790605
55826,41.9786,-87.9048,1013.6209750443187
16544,22.006399,113.375999,835.2835110855953
66724,28.56220054626465,121.4290008544922,804.0389080494792
67135,28.8005555556,104.545,1667.6962195562533
67090,46.195333000000005,122.00833300000001,809.4969635123717
55863,29.98439979553223,-95.34140014648438,1056.5249141955028
41343,49.012798,2.55,398.26978308829587
37737,3.54322,-76.3816,2509.027109208039
4790,42.94049835,-78.73220062,634.9360289769585
36619,33.6367,-84.428101,531.2309701068225
21791,37.70100021362305,-113.0989990234375,356.60781303109263
18470,2.7455799579619997,101.70999908446998,3213.4492276277942
16875,29.3386001587,117.176002502,449.784320021151
16570,35.116391,111.031388889,685.9370690780556
11740,32.116100311279304,-110.94100189208984,724.9250596492302
20900,35.877601623535156,-78.7874984741211,785.2750441405486
58995,27.39539909362793,-82.55439758300781,1372.8630605503135
18086,25.101944399999997,102.9291667,760.9447954905063
56216,41.411701202399996,-81.8498001099,1641.7331087329364
20806,42.212398529052734,-83.35340118408203,740.8005812623281
18745,30.22949981689453,120.43399810791016,1394.3037637636323
24152,-31.94029998779297,115.96700286865234,3029.046519643222
10977,23.1613998413,-106.26599884,423.252337528587
66864,30.578500747680664,103.9469985961914,1580.222375387982
13707,44.4133,8.8375,946.0076460631807
16631,26.53849983215332,106.8010025024414,1305.3253239127066
25531,44.882,-93.221802,721.6524902555554
6537,35.13850021,-111.6709976,192.07030247271354
20421,42.212398529052734,-83.35340118408203,814.0240248886098
36969,47.618598938000005,-52.751899719200004,880.4507022687847
38422,48.353802,11.7861,1817.8173947989692
25003,39.49909973144531,-119.76799774169922,3130.3604083249215
33002,51.4706,-0.461941,1469.6046805608325
19008,24.7964,118.589996,761.0684516414916
59821,37.9364013672,23.944499969499997,1517.6783887521922
7739,49.012798,2.55,1035.0912784581417
6298,42.94720077514648,-87.89659881591797,107.70559301189599
25249,39.1754,-76.668297,980.5451788294096
13683,45.505299,12.3519,800.5265655874009
9498,30.7838,114.208,455.15430588027186
6642,32.7336006165,-117.190002441,1786.5940034395337
34669,31.742000579833984,118.86199951171876,1553.3438825760197
38431,33.6367,-84.428101,859.0311610793252
4084,34.135898590100005,77.5465011597,620.7161764150958
32427,36.67490005493164,-4.499110221862793,2471.5442609827196
20576,45.07809829999999,-83.56030273,319.0855334354806
48716,55.40879821777344,37.90629959106445,2001.080073580958
17217,22.006399,113.375999,561.3796849894189
57846,39.861698150635,-104.672996521,990.0766709555685
17246,23.39240074157715,113.29900360107422,1737.7549420229702
6792,19.738782999999998,-156.045603,3834.1159721990416
13754,59.80030059814453,30.26250076293945,1982.9518264814176
10948,25.568300247199996,-103.41100311299999,430.5008880928096
7564,47.793300628699996,13.0043001175,1231.3502202713814
25087,27.975500106811523,-82.533203125,316.7993502149289
16490,31.143400192260746,121.80500030517578,622.3734706464311
19238,40.060299,113.48200200000001,267.6385651986646
5159,47.449001,-122.308998,1645.0658311574025
17216,32.5634,119.7198,905.1269799928131
57159,29.98439979553223,-95.34140014648438,1263.7117426556288
8094,49.909999847399995,-97.2398986816,1186.843015132446
8010,43.035599,-81.1539,565.5596446322581
32449,36.67490005493164,-4.499110221862793,3793.543994382027
57923,37.61899948120117,-122.375,3627.2960565352378
9510,33.6367,-84.428101,531.2309701068225
6384,32.7336006165,-117.190002441,1502.6140899238437
40075,36.85100173950195,10.22719955444336,2309.1996412287367
4824,42.36429977,-71.00520325,634.9360289769585
32322,40.886002000000005,14.2908,1023.6083493220385
13218,45.505299,12.3519,1124.672270742495
24959,42.96540069580078,-83.74359893798828,727.1756462225052
13078,28.4827003479,-16.341499328599998,2194.5028478472927
20501,35.04240036010742,-89.97669982910156,648.1980637094117
32330,60.193901062011996,11.100399971008,2190.298578163666
66688,30.578500747680664,103.9469985961914,2421.042571012906
10996,28.702899932900003,-105.96499633799999,496.7050447468687
67166,29.719200134277344,106.64199829101562,1416.9102595687991
13760,50.1008,14.26,530.4480272884257
37680,4.70159,-74.1469,1093.7803004532855
32235,41.2971,2.0784599999999998,1241.1362442046454
32464,41.2971,2.0784599999999998,1676.5691328491478
10382,28.5665,77.103104,2395.8519584544188
41914,40.560001373291016,109.99700164794922,549.7232340477904
4165,13.1979,77.706299,2883.615083896108
33257,37.466801000000004,15.0664,1232.4770099194452
52857,40.128101348899996,32.995098114,907.8907455444179
9583,33.6367,-84.428101,605.8847963590904
21591,44.882,-93.221802,550.236657283016
8198,38.8521,-77.037697,784.3240385024877
5875,50.1008,14.26,1044.2711847934806
56739,32.847099,-96.851799,349.08429058076035
41936,28.864999771118164,115.9000015258789,1214.824694565833
20017,33.6367,-84.428101,234.66539121322728
52861,40.898601532,29.3092002869,654.4811272830904
6791,21.32062,-157.924228,3885.852302378075
56227,29.98439979553223,-95.34140014648438,1118.2849882856467
19493,25.935100555419922,119.66300201416016,773.672002394458
21440,41.70869827270508,-86.31729888916016,660.5146190719363
24926,28.429399490356445,-81.30899810791016,992.9995244840849
56804,16.9999008179,-96.72660064700001,1450.658071213463
16341,36.857200622558594,117.21600341796876,644.1533689786311
25279,36.89459991455078,-76.20120239257812,1131.1346318917656
20099,32.516300201416016,-84.93890380859375,133.36375513525203
17024,26.53849983215332,106.8010025024414,1510.3045515986973
66831,40.0801010131836,116.58499908447266,1598.5262266818463
20078,31.2588005065918,-81.46649932861328,383.5535197981502
9075,40.97850037,-85.19509888,819.1739529373724
37220,-1.31923997402,36.9277992249,2568.789204170724
13516,25.79319953918457,-80.29060363769531,2050.7079202094415
32194,51.39670181274414,-3.343329906463623,1639.5401066739696
37306,25.252799987800003,55.3643989563,3711.665753367302
52392,40.128101348899996,32.995098114,566.9205786691267
24963,33.94250107,-118.40799709999999,3739.913329491065
36200,45.786701202399996,3.1691699027999998,734.4065638802332
21721,-23.435556411743164,-46.47305679321289,5292.446031120712
6790,20.521799087524414,-103.31099700927734,2595.4650494227512
66819,37.74689865112305,112.62799835205078,788.3899155573183
32226,35.6239013672,-0.6211829781529999,295.6423317476063
32818,38.28219985961914,-0.5581560134887695,295.6423317476063
62463,59.651901245116996,17.918600082397,3325.9559708229176
32480,39.4893,-0.481625,1102.4320317983495
4017,35.764701843299996,140.386001587,6786.190940336889
25457,36.08010101,-115.15200039999999,1717.4634131207638
39705,47.464698999999996,8.54917,1120.222553119081
64754,32.896801,-97.038002,2819.3456720621043
18317,24.54400062561035,118.12799835205078,1273.042646555984
61664,32.847099,-96.851799,1158.0263834002933
6610,-53.002602,-70.854599,1296.7295884283744
21655,45.8184013367,-88.11450195309999,107.06896587805193
5532,38.8521,-77.037697,375.7305865774034
36724,57.04710006713867,-135.36199951171878,293.6881515503469
37746,-23.435556411743164,-46.47305679321289,1569.5228696255442
52384,38.74779891967773,41.66120147705078,759.5490486837681
57527,41.9786,-87.9048,1251.3450041230865
10918,32.541099548339844,-116.97000122070312,997.709661061323
39807,42.5728,21.035801,1120.222553119081
25432,39.861698150635,-104.672996521,1290.8886375231036
18522,36.857200622558594,117.21600341796876,644.1533689786311
11698,41.9388999939,-72.68319702149999,4057.331332747445
25218,35.2140007019043,-80.94309997558594,755.2029149067863
41965,39.782798767089844,116.38800048828124,1199.5186670573323
21844,33.829700469970696,-116.50700378417969,870.973461446707
12941,55.8718986511,-4.43306016922,717.9564741660643
67191,40.0801010131836,116.58499908447266,1837.8569486180638
56999,9.0713596344,-79.3834991455,4845.358011109405
67140,42.8828010559,129.451004028,1114.883726530627
41949,43.91559982299805,115.96399688720705,460.88456729702034
42389,30.578500747680664,103.9469985961914,1378.0299811332122
56797,30.691200256348,-88.242797851562,685.6391520832301
67258,40.0801010131836,116.58499908447266,604.6948144872644
18896,24.54400062561035,118.12799835205078,1036.9540192096113
32924,41.2971,2.0784599999999998,994.6559866495123
17002,24.54400062561035,118.12799835205078,1320.9903551816208
13655,45.6306,8.728110000000001,4084.723110575931
29721,1.5492600202560425,124.9260025024414,2326.882848583241
20534,38.0364990234375,-84.60590362548828,665.1203233358242
44694,55.40879821777344,37.90629959106445,1668.1575984737917
25029,39.1754,-76.668297,652.3521181407
4935,29.6900997162,-82.27179718020001,626.7333074956312
25524,26.072599,-80.152702,1702.254151919894
32646,41.2971,2.0784599999999998,2174.494837705253
66974,42.8414,93.669197,633.1013818811973
6959,35.2140007019043,-80.94309997558594,1209.1029073228983
48391,55.617900848389,12.656000137328999,2471.804263365399
25285,41.73260116577149,-71.42040252685547,1352.6407434469995
41636,39.782798767089844,116.38800048828124,1082.281250602661
66885,40.0801010131836,116.58499908447266,809.4969635123717
41657,43.90710067749024,87.47419738769531,997.8822900667134
59497,44.12459945678711,-123.21199798583984,1205.2621757948934
8300,53.309700012200004,-113.580001831,1186.843015132446
48287,12.990005493164062,80.16929626464844,733.0746672565235
21291,33.6367,-84.428101,236.01323878002455
3952,8.48211956024,76.9200973511,2955.2158199169085
8384,53.3191986084,-60.425800323500006,833.7892741888634
33218,43.810001,11.2051,563.5850036855309
8976,49.012798,2.55,1485.8180661695942
57927,29.98439979553223,-95.34140014648438,1522.2312773321541
32925,41.2971,2.0784599999999998,1970.5019279952976
51316,29.226600646972656,47.96889877319336,355.24122441604146
21765,33.6367,-84.428101,885.5733939633426
20503,43.13990020751953,-89.3375015258789,599.8525387124471
18618,40.0801010131836,116.58499908447266,1244.0837575675537
19411,2.7455799579619997,101.70999908446998,2996.0592547295455
34649,35.764701843299996,140.386001587,1481.5956793051014
36727,1.4846999645233154,110.34700012207031,969.9026595297668
38096,-23.3335990906,-51.1301002502,314.16959826723837
16044,22.639299392700195,113.81099700927734,1700.4363835998615
21548,51.113899231000005,-114.019996643,2224.2675928381555
32271,44.5354,11.2887,831.3202252007096
20772,36.77619934082031,-119.71800231933594,2406.9039632937524
16369,34.42729949951172,135.24400329589844,1466.0329357680985
25434,28.429399490356445,-81.30899810791016,1665.5622948153057
10969,24.764499664299997,-107.474998474,636.4221502156267
13748,37.9364013672,23.944499969499997,1275.9572254700688
7830,43.6772003174,-79.63059997559999,1031.947841462355
58942,35.03530120849609,-85.20379638671875,840.2055686152863
32388,41.2971,2.0784599999999998,831.3202252007096
30867,-4.674339771270752,55.52180099487305,1767.5008986472712
45120,40.976898,28.8146,4774.19980008808
5507,51.4706,-0.461941,1847.9556424748234
32287,55.95000076293945,-3.372499942779541,1676.5691328491478
11706,36.77619934082031,-119.71800231933594,336.732271981143
16178,24.54400062561035,118.12799835205078,634.99146381434
25069,33.94250107,-118.40799709999999,3178.0381034045117
9876,33.6367,-84.428101,817.2204221283627
48265,34.135898590100005,77.5465011597,620.7161764150958
5706,20.521799087524414,-103.31099700927734,2105.6862643192053
41918,36.247501,113.125999,485.9156645873886
61182,1.35019,103.994003,1341.2154539358337
5493,38.8521,-77.037697,636.9195642933923
62448,63.985000610352,-22.605600357055998,2143.9213394780895
25512,37.721298,-122.221001,597.2346518443526
21723,28.429399490356445,-81.30899810791016,1624.924250808046
51824,-12.0219,-77.114305,3776.6462598626176
20460,40.78839874267578,-111.97799682617188,659.3730754022894
16638,36.2661018372,120.374000549,521.9847873455402
11243,31.63610076904297,-106.4290008544922,997.709661061323
36351,32.847099,-96.851799,1158.0263834002933
11038,23.1613998413,-106.26599884,399.94823505503666
59884,38.13859939575195,-78.4529037475586,909.9734921449941
60496,35.2140007019043,-80.94309997558594,1209.1029073228983
32201,27.931900024414066,-15.38659954071045,1409.5459698925818
18484,34.447102,108.751999,1410.8998118914026
64629,43.6772003174,-79.63059997559999,1088.9382964057882
67348,40.0801010131836,116.58499908447266,429.56039041089315
20653,41.44850158691406,-90.50749969482422,598.6146346609091
25259,34.895698547399995,-82.2189025879,905.0053342261376
17171,31.742000579833984,118.86199951171876,988.1357534999472
66750,30.22949981689453,120.43399810791016,1580.222375387982
42796,40.0801010131836,116.58499908447266,2106.621766295313
16956,18.30290031433105,109.41200256347656,665.0912514509467
25066,33.43429946899414,-112.01200103759766,1847.1542943727388
67103,36.5152015686,103.620002747,1197.4621551546165
67144,21.214399,110.358002,2179.1701901581755
8278,56.653301238999994,-111.22200012200001,1150.5890369754977
23898,4.0060801506,9.71947956085,1076.3306608602943
32302,50.34500122070313,30.89469909667969,2429.172468649558
38279,35.3396987915,25.1802997589,2114.3921632368038
36967,56.653301238999994,-111.22200012200001,401.0227458269699
53806,41.248100280799996,-8.68138980865,1508.5378168212826
36936,52.308601,4.76389,1471.883107978296
34650,42.77519989013672,141.69200134277344,578.3801693372764
56156,42.94720077514648,-87.89659881591797,1437.9685598973167
6707,20.680099487304688,-105.25399780273438,1786.5940034395337
24931,39.861698150635,-104.672996521,1042.2017842036053
40583,5.9372100830078125,116.0510025024414,3661.123815352549
5131,30.473400115967003,-87.18659973144501,1313.435060590993
25505,33.43429946899414,-112.01200103759766,1040.0060111198227
32891,41.2971,2.0784599999999998,1404.8216263622176
10944,20.521799087524414,-103.31099700927734,948.3307869896344
56754,39.1223983765,-108.527000427,1575.1257590614402
10939,44.882,-93.221802,2714.6272434821335
21796,38.805801,-104.70099599999999,659.3730754022894
17022,34.42729949951172,135.24400329589844,1648.781114656295
36979,44.880798339799995,-63.508598327600005,880.4507022687847
46772,19.952299118,99.8828964233,703.3573400896196
42868,38.9656982421875,121.53900146484376,1131.5299447941195
32217,50.9014015198,4.48443984985,1458.012817028338
20109,31.3213005065918,-85.44960021972656,274.7080703306348
66847,39.1244010925,117.346000671,2233.530743431901
32837,34.051497999999995,-6.751519999999999,1797.4139258712087
55825,41.9786,-87.9048,863.1520750766513
9869,40.63980103,-73.77890015,2457.0402754190354
25202,39.87189865112305,-75.24109649658203,1666.6625314341672
67279,31.19790077209473,121.33599853515624,952.8186611032575
32438,38.28219985961914,-0.5581560134887695,1474.422641488574
17150,18.30290031433105,109.41200256347656,1837.5540423327445
32370,41.2971,2.0784599999999998,466.8108581761486
36665,19.93490028381348,110.45899963378906,1521.3673152057308
44453,40.46749877929688,50.04669952392578,2963.301670798284
16972,21.214399,110.358002,389.81199828406756
58713,39.87189865112305,-75.24109649658203,841.2433642596627
53963,47.618598938000005,-52.751899719200004,3254.717211507029
5120,33.6796989441,-78.9282989502,599.5581587924462
41931,29.9342002869,122.36199951200001,1222.4992738974533
36730,30.578500747680664,103.9469985961914,844.4688372455315
36962,38.9656982421875,121.53900146484376,1244.2327697705832
4206,19.088699340799998,72.8678970337,954.7003987489097
33125,43.810001,11.2051,895.4875849034709
24967,35.04240036010742,-89.97669982910156,1264.9204084400126
32958,39.551700591999996,2.73881006241,467.56389986107337
16974,23.39240074157715,113.29900360107422,1584.5776582097153
36167,33.6367,-84.428101,803.641253202455
41726,39.782798767089844,116.38800048828124,1214.824694565833
21109,33.93880081176758,-81.11949920654297,993.4365683357355
32462,41.2971,2.0784599999999998,391.85613535413654
20388,42.212398529052734,-83.35340118408203,940.4316117067129
4777,-37.0080986023,174.79200744599999,2295.4735574276206
16998,27.912201,120.851997,929.9979998960487
41928,49.2050018311,119.82499694799999,1082.281250602661
52800,37.979,32.561901,428.20527693876977
8325,41.9786,-87.9048,565.5596446322581
56020,29.98439979553223,-95.34140014648438,1309.7882204013017
55844,39.861698150635,-104.672996521,1740.0206563372997
67138,30.55655,111.47998799999999,1155.276576184057
37822,-34.5592,-58.4156,2381.382322111127
17221,30.7838,114.208,1292.95334744673
32504,41.2971,2.0784599999999998,680.1368407649687
11667,33.94250107,-118.40799709999999,2912.8778685305847
18474,31.742000579833984,118.86199951171876,650.3868473105667
56893,29.98439979553223,-95.34140014648438,1312.0444371990816
13339,24.957599639892575,46.69879913330078,3671.363591796625
11640,33.94250107,-118.40799709999999,336.732271981143
67084,32.391101837158196,105.7020034790039,1295.7580182343427
4169,12.990005493164062,80.16929626464844,2628.689025841343
20560,51.113899231000005,-114.019996643,2451.1967516806203
23854,9.576889999999999,-13.612,1680.5307647764057
25346,40.69250106811523,-74.168701171875,1877.428621786554
16340,41.63980102539063,123.48300170898438,977.9467291153701
21825,46.3745002746582,-117.01499938964844,741.5528463919109
25119,36.19839859008789,-95.88809967041016,730.8701058508329
37728,-0.129166666667,-78.3575,771.895203239971
5145,35.81100082,-83.99400329999999,701.5800116829602
36637,33.6367,-84.428101,819.1739529373724
32429,41.2971,2.0784599999999998,1768.5731800967706
67405,43.90710067749024,87.47419738769531,2234.1815361560307
20765,42.212398529052734,-83.35340118408203,205.6109054028386
36575,33.6367,-84.428101,1158.0263834002933
21521,44.882,-93.221802,1118.3988145181636
6961,39.87189865112305,-75.24109649658203,829.6710307751488
31284,22.308901000000002,113.915001,445.1449266358601
24943,42.74829864501953,-73.80169677734375,464.4457594256941
32833,27.931900024414066,-15.38659954071045,2768.161557483844
25261,38.94449997,-77.45580292,927.0838177303234
67423,40.0801010131836,116.58499908447266,881.5695395593258
25222,40.79520035,-73.10019684,1565.0434691168675
8135,38.94449997,-77.45580292,724.2874116348574
11632,33.94250107,-118.40799709999999,1147.5330343094558
33206,48.353802,11.7861,848.0788735028912
9727,33.6367,-84.428101,719.8329698416734
34754,48.52799987793,135.18800354004,1481.5956793051014
5749,38.69540023803711,-121.59100341796876,600.4217532554477
11727,33.43429946899414,-112.01200103759766,594.3608778208198
16508,26.53849983215332,106.8010025024414,419.1471713075365
50495,1.35019,103.994003,2326.882848583241
46828,13.681099891662598,100.74700164794922,703.3573400896196
25513,33.43429946899414,-112.01200103759766,543.2357469670336
44609,50.865898132299996,7.1427397728,705.6442964859596
52802,35.857498,14.4775,1406.7684862833619
36713,2.7455799579619997,101.70999908446998,969.9026595297668
41930,45.6234016418457,126.25,1033.6670277188286
56644,40.63980103,-73.77890015,366.31990566737613
25478,38.69540023803711,-121.59100341796876,975.089316263444
11701,39.998001,-82.891899,3204.0661703976393
19188,40.851397999999996,111.82399699999999,644.1533689786311
67282,24.54400062561035,118.12799835205078,1622.9291210321564
57253,39.45759963989258,-74.57720184326172,1156.3400696059002
32547,40.471926,-3.56264,2873.289474030176
44277,37.9364013672,23.944499969499997,2377.1327848380047
32495,41.2971,2.0784599999999998,2031.89217725496
48902,8.97789001465,38.7993011475,2446.293632989401
45686,13.681099891662598,100.74700164794922,1220.5693480548557
8427,39.7173,-86.294403,706.6990421748593
60210,41.9388999939,-72.68319702149999,651.4375681115973
6874,-34.945,138.53100600000002,1164.1385075760948
4809,43.118900299072266,-77.67240142822266,550.7438256849271
48328,15.3808002472,73.83139801029999,733.0746672565235
25134,39.1754,-76.668297,353.30392411286994
36409,32.30059814,-86.39399719,236.01323878002455
17119,43.9962005615,125.684997559,1781.1957802145341
62483,56.92359924316406,23.971099853515625,4507.414560320772
32944,43.30110168457031,-2.9106099605560303,2038.4901013345757
55895,29.98439979553223,-95.34140014648438,497.4651204940508
40579,13.681099891662598,100.74700164794922,673.5405578080735
55998,29.99340057373047,-90.25800323486328,1477.5775173827778
32500,41.2971,2.0784599999999998,650.5302794251785
18475,22.60829925537109,108.1719970703125,1221.5608850069402
9710,33.6367,-84.428101,997.1336620358044
66886,41.69779968261719,86.12889862060547,633.1013818811973
33089,48.353802,11.7861,984.6553463536986
42084,41.105301000000004,122.853996,1111.6862398328788
20502,42.94720077514648,-87.89659881591797,511.10651644979976
25238,18.4393997192,-66.0018005371,1913.330688024452
19019,24.54400062561035,118.12799835205078,804.1439647011956
57396,35.81100082,-83.99400329999999,764.5489079035121
36338,38.13859939575195,-78.4529037475586,734.7556381568949
56304,32.89860153,-80.04049683,1011.5398829662856
4694,-33.94609832763672,151.177001953125,2020.2130833636097
187,14.5086,121.019997,1039.9236312136568
7832,44.880798339799995,-63.508598327600005,664.8045868287678
56530,39.861698150635,-104.672996521,1003.2106639669797
53978,43.6772003174,-79.63059997559999,2355.8402430570045
37588,5.31911,-72.384,206.99615858480385
42229,22.149599,113.592003,1265.700914968373
56327,36.097801208496094,-79.93730163574219,716.4397334545832
59803,33.94250107,-118.40799709999999,428.57257724310887
25250,32.89860153,-80.04049683,1199.4052065652356
66999,30.578500747680664,103.9469985961914,564.1709662419781
20603,38.37310028076172,-81.59320068359375,452.23099359858566
10943,31.63610076904297,-106.4290008544922,329.19180088346644
7891,45.4706001282,-73.7407989502,532.4333282076734
18471,26.53849983215332,106.8010025024414,1284.058665964352
48234,28.5665,77.103104,1312.6803602344014
5407,47.449001,-122.308998,3854.814176826073
16807,27.8025,114.3062,1381.1512961242656
14549,13.681099891662598,100.74700164794922,673.5405578080735
66803,23.39240074157715,113.29900360107422,1037.2588625134026
32262,36.691001892089844,3.215409994125366,521.4996972548944
6964,38.8521,-77.037697,784.3240385024877
18747,24.7964,118.589996,1196.83440201348
8962,27.912201,120.851997,323.6877361496156
20299,42.212398529052734,-83.35340118408203,607.1005323978113
21669,42.212398529052734,-83.35340118408203,615.1989444347769
18685,34.447102,108.751999,917.6431084501697
32988,50.9014015198,4.48443984985,1326.509205316234
8303,48.37189865112305,-89.32389831542969,600.3671538332434
67284,40.0801010131836,116.58499908447266,1160.4913726210098
5577,38.8521,-77.037697,399.62924890611106
36977,53.309700012200004,-113.580001831,245.9940921872398
67369,39.1244010925,117.346000671,924.6394547008018
16053,43.9962005615,125.684997559,2554.8131345018346
55941,41.9786,-87.9048,551.3002959262692
11115,25.54949951171875,-100.9290008544922,705.981567521606
59326,39.87189865112305,-75.24109649658203,827.9094521082905
58599,39.87189865112305,-75.24109649658203,462.6451868615807
41921,30.578500747680664,103.9469985961914,1522.306120305668
5415,33.94250107,-118.40799709999999,336.732271981143
56144,33.663601,-101.822998,734.3530526388116
9944,33.6367,-84.428101,885.5733939633426
25351,39.2976,-94.713898,1111.571534708391
8467,38.748697,-90.370003,1051.0278723054914
67017,40.0801010131836,116.58499908447266,989.8663579452966
24924,32.89860153,-80.04049683,705.8250568807605
56865,19.144800186199998,-104.558998108,1522.2312773321541
39817,28.044500351,-16.5725002289,3062.6157671469127
33242,48.6898994446,9.22196006775,425.9763732546705
20764,33.6367,-84.428101,819.1739529373724
11735,37.61899948120117,-122.375,543.1892787392358
50029,8.97789001465,38.7993011475,1449.6289674457296
4811,47.449001,-122.308998,4005.5088356419633
21326,42.212398529052734,-83.35340118408203,561.5851588857794
8302,50.43190002441406,-104.66600036621094,531.8363698745936
41937,34.571667,118.87361100000001,619.8109239773324
21116,39.90240097045898,-84.21939849853516,881.7963472592369
6836,47.449001,-122.308998,975.089316263444
56743,24.1242008209,-104.52799987799999,1118.2849882856467
25062,27.975500106811523,-82.533203125,2422.516244773945
55854,29.98439979553223,-95.34140014648438,1173.8241937907917
60131,45.4706001282,-73.7407989502,634.4819861279402
66751,45.6234016418457,126.25,2554.648681358448
50440,1.35019,103.994003,3163.990159957879
42544,23.39240074157715,113.29900360107422,507.05660953670167
57156,41.9786,-87.9048,190.14804041566674
20207,37.13190079,-76.49299622,817.2204221283627
11247,29.095899581900007,-111.047996521,682.853165917438
33116,48.6898994446,9.22196006775,1334.165032140471
34726,34.42729949951172,135.24400329589844,1553.3438825760197
46862,-31.94029998779297,115.96700286865234,2580.1695079188175
21862,32.116100311279304,-110.94100189208984,968.7432223027402
20715,42.212398529052734,-83.35340118408203,491.7696585239688
56715,20.9935,-101.481003,1173.8241937907917
21649,35.04240036010742,-89.97669982910156,1017.0952657835178
9270,44.8184013367,20.3090991974,1423.2435779437833
56136,43.514599,-112.070999,736.0038675516306
67139,29.344699859600002,120.03199768100001,1234.310666115183
25467,28.429399490356445,-81.30899810791016,1158.6565972851001
58998,30.396499633789066,-84.35030364990234,1153.0639916689745
32835,41.248100280799996,-8.68138980865,1200.8962099576318
11156,20.6173,-100.185997,573.9559390848958
4674,-33.94609832763672,151.177001953125,2159.5811360559833
40924,24.433000564575195,54.651100158691406,3300.109724333543
47533,40.63980103,-73.77890015,1187.8355870120465
20594,40.916099548339844,-81.44219970703125,214.6053347910662
56525,41.411701202399996,-81.8498001099,725.2626687485133
10970,28.702899932900003,-105.96499633799999,948.3307869896344
34488,45.725556,5.081111,412.182279516298
43195,42.77519989013672,141.69200134277344,1119.8740090821293
40552,13.681099891662598,100.74700164794922,703.3573400896196
36284,56.92359924316406,23.971099853515625,1333.237625434954
38390,-25.5284996033,-49.175800323500006,359.10047584307887
13571,24.433000564575195,54.651100158691406,3443.1613452881306
57072,39.861698150635,-104.672996521,908.1521500871057
59513,36.58700180053711,-121.84300231933594,428.57257724310887
17260,34.447102,108.751999,1181.8300036729863
57594,29.98439979553223,-95.34140014648438,1366.7217693338678
56390,32.12760162,-81.20210266,1140.636094136278
25522,32.896801,-97.038002,885.378236966282
40528,19.952299118,99.8828964233,703.3573400896196
66796,30.578500747680664,103.9469985961914,1511.0434362676215
18399,37.74689865112305,112.62799835205078,919.1033071066228
41566,49.2050018311,119.82499694799999,1120.2907991319964
32905,49.012798,2.55,1084.9453632705138
50489,41.9786,-87.9048,2802.1160076904803
9539,33.6367,-84.428101,819.1739529373724
5980,38.8521,-77.037697,1224.0192400012106
25124,27.975500106811523,-82.533203125,1306.8672650190033
21436,43.90829849243164,-92.5,122.51979240854988
56174,40.664199829100006,-89.6932983398,1272.629395487846
21198,33.6367,-84.428101,1100.8212616219073
33217,37.466801000000004,15.0664,1334.165032140471
36714,4.322010040283203,113.98699951171876,512.7424391715588
21950,42.212398529052734,-83.35340118408203,706.9022202298959
41946,27.912201,120.851997,1382.3025200590646
32950,41.2971,2.0784599999999998,2245.1476324412924
18616,24.7964,118.589996,681.8738390374103
25565,39.861698150635,-104.672996521,870.0310207394475
56414,45.3224983215332,-75.66919708251953,529.0641784464352
67109,47.239601135253906,123.91799926757812,989.8663579452966
21944,39.0488014221,-84.6678009033,901.9294104910841
56052,29.98439979553223,-95.34140014648438,1039.1455242032966
16616,25.21809959411621,110.03900146484376,1236.6558214394172
6765,33.67570114,-117.86799620000001,1576.0998510924833
56842,25.54949951171875,-100.9290008544922,738.3105320220998
32501,41.2971,2.0784599999999998,1958.3116794184061
57157,39.861698150635,-104.672996521,1206.5185565788893
47516,13.681099891662598,100.74700164794922,1024.785234389164
66744,31.919701,119.778999,1511.0434362676215
55972,35.2140007019043,-80.94309997558594,693.6656666196299
25123,41.785999,-87.752403,927.0838177303234
40949,7.180759906768799,79.88410186767578,505.61001653422
56890,41.9786,-87.9048,1091.9439891857317
44276,37.9364013672,23.944499969499997,1780.4788850441985
53920,45.4706001282,-73.7407989502,2936.8749041675724
56591,29.98439979553223,-95.34140014648438,956.3629597931964
23757,12.133700370788574,15.034000396728516,1076.3306608602943
32651,48.7233333,2.3794444,2768.161557483844
41954,36.2661018372,120.374000549,1254.7515583186307
53985,43.6772003174,-79.63059997559999,2301.333360799691
17195,29.3386001587,117.176002502,541.4141090473782
25322,39.2976,-94.713898,700.17772989997
20375,40.78839874267578,-111.97799682617188,923.2618104312404
4047,19.088699340799998,72.8678970337,1001.7879421578436
56130,46.6068000793457,-111.98300170898438,954.7394871309165
45175,30.578500747680664,103.9469985961914,1647.7053646876889
34850,34.42729949951172,135.24400329589844,1290.9288507449137
43258,34.42729949951172,135.24400329589844,1648.781114656295
32514,41.2971,2.0784599999999998,1367.6018130093166
43191,40.0801010131836,116.58499908447266,1852.384489534293
34563,13.681099891662598,100.74700164794922,673.5405578080735
17028,41.63980102539063,123.48300170898438,757.2410116420773
48301,22.654699325561523,88.44670104980469,447.8853638170242
13560,41.4146995544,19.7206001282,1001.413583583765
56266,41.9786,-87.9048,431.92708288757933
25200,29.99340057373047,-90.25800323486328,1111.571534708391
8169,49.193901061999995,-123.183998108,1332.3215141662909
7872,50.43190002441406,-104.66600036621094,1175.352948570271
33639,15.476300239562988,44.21969985961914,1372.1609887467941
56733,27.77039909362793,-97.5011978149414,323.759253858548
60266,40.49150085,-80.23290253,528.3434839004678
11159,19.3370990753,-99.5660018921,718.398844013001
18852,24.54400062561035,118.12799835205078,673.5386748873844
25112,35.39310073852539,-97.60070037841795,675.1064915410401
32211,28.4827003479,-16.341499328599998,1433.5592507637562
66635,29.719200134277344,106.64199829101562,965.6408906472236
10942,40.78839874267578,-111.97799682617188,3227.161068671862
67097,46.84339904789999,130.464996338,1346.1850265899648
25045,39.2976,-94.713898,855.3734684162263
41354,39.782798767089844,116.38800048828124,549.7232340477904
50899,52.308601,4.76389,1773.4333621165308
42306,39.782798767089844,116.38800048828124,1921.7125988535174
32411,51.4706,-0.461941,1489.5495862621042
67270,23.39240074157715,113.29900360107422,1790.5622633321893
16075,22.60829925537109,108.1719970703125,531.9367548521147
13781,40.63980103,-73.77890015,537.169252610054
59498,36.77619934082031,-119.71800231933594,336.732271981143
56413,44.880798339799995,-63.508598327600005,985.6119609434244
13628,43.683899,10.3927,771.401787749559
19420,41.63980102539063,123.48300170898438,1964.2467452857277
56526,40.69250106811523,-74.168701171875,956.2028230934893
37748,-34.5592,-58.4156,994.7972759296938
24149,43.629101,1.36382,605.5086585177058
67100,25.853333,114.77888899999999,1590.788053206541
6730,-41.43889999389648,-73.09400177001953,917.4895202412638
57248,39.861698150635,-104.672996521,1315.729952165986
17264,34.447102,108.751999,1037.6942454847615
8368,43.6772003174,-79.63059997559999,1327.9270179433145
9446,33.6367,-84.428101,585.0668999383439
66802,40.0801010131836,116.58499908447266,264.03795338294606
17141,36.2661018372,120.374000549,978.1377785028164
52782,38.770401000999996,35.4953994751,578.62229738217
32234,38.28219985961914,-0.5581560134887695,1613.1521331872034
25542,33.56290054,-86.75350189,740.4739328599734
18796,30.7838,114.208,1167.8897531346456
6137,33.43429946899414,-112.01200103759766,960.932110639473
25343,39.1754,-76.668297,1606.1637288568581
59002,44.880798339799995,-63.508598327600005,1303.0406952644612
32439,41.2971,2.0784599999999998,1196.8184782410137
60508,39.87189865112305,-75.24109649658203,634.4819861279402
9098,30.20529938,-91.98760223,808.7514007543349
23853,12.533499717712402,-7.949940204620361,1232.90725859181
43804,14.5086,121.019997,1155.5636607329427
16933,38.9656982421875,121.53900146484376,1957.714013610912
13418,45.6306,8.728110000000001,3833.2684442378772
9447,33.6367,-84.428101,133.36375513525203
9111,42.932598,-71.435699,1531.067789453141
25350,36.08010101,-115.15200039999999,2409.5661377538536
36721,30.578500747680664,103.9469985961914,617.1225240511033
41638,39.782798767089844,116.38800048828124,846.4879866692611
25403,34.05599975585937,-117.60099792480469,521.2959219162142
13654,41.800277799999996,12.238888900000001,3671.363591796625
20091,38.13859939575195,-78.4529037475586,734.7556381568949
4779,-16.885799408,145.755004883,1391.1220248734105
32269,43.30110168457031,-2.9106099605560303,466.8108581761486
48283,24.760000228899997,93.896697998,276.1240903760275
16082,36.2661018372,120.374000549,1584.5776582097153
56706,39.45759963989258,-74.57720184326172,2162.882663341413
43966,33.94250107,-118.40799709999999,2500.0015342760353
56128,38.53390121,-106.9329987,244.37562494619817
64631,25.79319953918457,-80.29060363769531,1084.5929689177433
10931,42.212398529052734,-83.35340118408203,2377.595727368645
37823,4.70159,-74.1469,645.1476678768605
67355,45.6234016418457,126.25,1932.4884995411953
59004,43.6772003174,-79.63059997559999,578.5612058620202
25405,39.87189865112305,-75.24109649658203,3332.8242496046537
54005,18.503700256347656,-77.91339874267578,3023.2534698183686
37624,4.70159,-74.1469,401.66464091066297
32181,41.2971,2.0784599999999998,1842.0893959528962
13762,38.905398999999996,16.2423,800.5265655874009
24169,47.429759999999995,19.261093,836.4326231080917
43818,30.7838,114.208,962.0289467205062
8181,43.6772003174,-79.63059997559999,1562.2694838576767
57747,29.98439979553223,-95.34140014648438,738.3105320220998
4831,47.449001,-122.308998,1509.6356444261417
34849,62.46279907226562,-114.44000244140624,1019.0236640242384
41944,22.639299392700195,113.81099700927734,1921.7125988535174
56905,38.94449997,-77.45580292,366.31990566737613
20104,32.847099,-96.851799,1158.0263834002933
16546,29.719200134277344,106.64199829101562,602.2546773291372
11272,19.4363,-99.072098,537.1460867227325
39717,46.23809814453125,6.108950138092041,2918.5369335242067
57833,41.9786,-87.9048,764.5489079035121
18476,40.0801010131836,116.58499908447266,1598.5262266818463
9076,20.521799087524414,-103.31099700927734,2363.848835053403
6963,35.2140007019043,-80.94309997558594,1292.2599215386977
48491,31.7226009369,35.9931983948,2638.050419353021
36691,33.6367,-84.428101,605.8847963590904
52369,39.7102012634,39.5270004272,558.8544611430976
13028,9.0713596344,-79.3834991455,2779.9424541114654
56775,38.0364990234375,-84.60590362548828,1332.7056273777691
57296,42.1599006652832,-76.8916015625,908.6657764531769
33238,40.898701,9.51763,1327.6239586527997
17170,36.5152015686,103.620002747,518.3700000190968
13492,41.92359924316406,8.8029203414917,517.4295941758219
48230,19.088699340799998,72.8678970337,944.1705522421904
41648,39.782798767089844,116.38800048828124,1033.6670277188286
24919,32.847099,-96.851799,942.5190879390352
16567,37.74689865112305,112.62799835205078,809.8895221252066
25243,30.194499969482425,-97.6698989868164,1565.1641469551087
24913,38.69540023803711,-121.59100341796876,2379.330240672469
19247,29.73329925537109,118.25599670410156,1031.3688455381828
32272,44.8283004761,-0.7155560255050001,453.4685822879098
39697,47.464698999999996,8.54917,1388.5107393622707
61181,11.546600341796875,104.84400177001952,235.56776702528242
57029,29.98439979553223,-95.34140014648438,1332.7056273777691
40500,23.593299865722656,58.284400939941406,380.6524263288293
66780,43.90710067749024,87.47419738769531,2071.4970248104228
66697,40.0801010131836,116.58499908447266,308.5773388864487
56391,38.1744,-85.736,1031.2476502101094
16556,24.54400062561035,118.12799835205078,819.279071587848
58056,-4.674339771270752,55.52180099487305,3007.713585525812
32386,41.2971,2.0784599999999998,3599.883987412828
32491,52.5597,13.2877,984.9844156652781
42549,39.782798767089844,116.38800048828124,1702.272245024319
32788,41.2971,2.0784599999999998,720.7942696840572
16419,37.40169906616211,121.37200164794922,999.8782546601542
34812,30.7838,114.208,725.3264251602993
18735,25.935100555419922,119.66300201416016,3213.4492276277942
44221,45.725556,5.081111,1780.4788850441985
67412,40.0801010131836,116.58499908447266,1234.310666115183
19231,37.74689865112305,112.62799835205078,1031.3688455381828
59246,33.94250107,-118.40799709999999,336.732271981143
33120,47.464698999999996,8.54917,1232.4770099194452
12918,45.725556,5.081111,517.4295941758219
16463,22.639299392700195,113.81099700927734,817.1976736404598
67286,38.9656982421875,121.53900146484376,788.3899155573183
25365,35.39310073852539,-97.60070037841795,2207.8126373864343
56810,19.1581001282,-98.3713989258,1242.0282288648464
16099,29.719200134277344,106.64199829101562,862.4493354273609
47071,-33.94609832763672,151.177001953125,2754.392006664883
6917,33.94250107,-118.40799709999999,724.9250596492302
16569,34.447102,108.751999,518.3700000190968
36970,43.6772003174,-79.63059997559999,1288.2786741803639
59376,41.9786,-87.9048,944.6655293613745
16155,36.857200622558594,117.21600341796876,1261.8565441177857
41932,35.799702,107.602997,889.3589232681463
32496,43.30110168457031,-2.9106099605560303,1919.596050695198
13426,45.4706001282,-73.7407989502,537.169252610054
52690,40.898601532,29.3092002869,1162.7019658155143
16905,34.447102,108.751999,1514.6229573363105
12959,45.505299,12.3519,936.9093615891178
41905,31.143400192260746,121.80500030517578,1620.2010218184305
25347,24.556100845336914,-81.75959777832031,1034.2996807687855
66689,38.481899,106.009003,1750.4680391705574
37687,21.036500930800003,-86.8770980835,3827.57056511568
53674,38.7813,-9.13592,3372.376745915901
32420,43.5635986328125,-6.0346198081970215,894.6680550472439
17233,36.2661018372,120.374000549,853.0060334205909
13215,52.308601,4.76389,633.3847297968675
6204,20.8986,-156.429993,3776.959826221359
10912,29.095899581900007,-111.047996521,223.68390555831874
32326,49.498699,11.078056,1149.562230471462
25053,34.05599975585937,-117.60099792480469,1315.729952165986
32195,55.40879821777344,37.90629959106445,3793.543994382027
18466,19.93490028381348,110.45899963378906,1154.1115823570537
57541,29.98439979553223,-95.34140014648438,1859.9636103091082
25046,28.429399490356445,-81.30899810791016,2486.345941281008
37653,-34.838402,-56.0308,1569.5228696255442
13623,45.505299,12.3519,817.2669962251445
32290,43.810001,11.2051,797.5506985199975
7937,43.6772003174,-79.63059997559999,706.6990421748593
25324,44.882,-93.221802,477.608202431791
32856,38.28219985961914,-0.5581560134887695,318.22965759048157
44222,40.471926,-3.56264,2377.1327848380047
25506,32.7336006165,-117.190002441,772.6263200638984
8107,42.36429977,-71.00520325,664.8045868287678
67378,30.578500747680664,103.9469985961914,1548.858864488975
17186,32.5634,119.7198,1037.6942454847615
11198,25.7784996033,-100.107002258,573.9559390848958
62460,54.634102,25.285801,2145.455182487451
57502,40.63980103,-73.77890015,3553.60379497525
5393,33.94250107,-118.40799709999999,1205.2621757948934
67344,23.39240074157715,113.29900360107422,954.0365165696898
44278,37.9364013672,23.944499969499997,2636.64509309247
5195,38.37310028076172,-81.59320068359375,1520.2812407133097
17033,30.7838,114.208,730.1456128126853
32215,41.2971,2.0784599999999998,403.85311991119806
16530,31.78000068664551,117.2979965209961,1173.263553594164
5466,33.43429946899414,-112.01200103759766,705.2739284552085
25093,41.785999,-87.752403,905.0053342261376
32393,39.551700591999996,2.73881006241,651.9491146356671
21940,33.6367,-84.428101,335.3424559363311
19159,25.935100555419922,119.66300201416016,1150.7365237064664
25603,30.22949981689453,120.43399810791016,1094.0534638469685
57338,30.691200256348,-88.242797851562,1255.4635973395018
57237,40.69250106811523,-74.168701171875,2127.6398719365657
11256,28.702899932900003,-105.96499633799999,430.5008880928096
16903,30.7838,114.208,1464.1198253468965
52243,40.128101348899996,32.995098114,856.9528512953121
37574,4.70159,-74.1469,978.8844212445324
16955,1.35019,103.994003,2594.0087444652154
32375,27.931900024414066,-15.38659954071045,2042.3688840142793
42181,30.8017,108.43299999999999,1274.6808344421788
25266,40.77719879,-73.87259674,1163.9312685730924
60159,39.1223983765,-108.527000427,705.2739284552085
17125,38.481899,106.009003,1137.130417067756
6752,39.2976,-94.713898,2391.602126430065
20316,44.882,-93.221802,602.958563034722
11710,39.7173,-86.294403,2912.8778685305847
46166,23.39240074157715,113.29900360107422,1277.9933840784886
21013,33.6367,-84.428101,1016.6389243603364
25459,28.429399490356445,-81.30899810791016,1672.2324530639405
17257,22.639299392700195,113.81099700927734,1793.982651980484
16921,22.639299392700195,113.81099700927734,665.0912514509467
24847,41.785999,-87.752403,1800.933210297584
56685,38.1744,-85.736,724.7815514079377
32332,43.5635986328125,-6.0346198081970215,711.5818654965973
67381,22.60829925537109,108.1719970703125,1036.9540192096113
56755,30.40730094909668,-89.07009887695312,604.4690699474884
17111,22.639299392700195,113.81099700927734,918.849960667697
42669,-17.699300765991,168.32000732422,1281.541039567221
17078,41.63980102539063,123.48300170898438,1023.6800406850956
34679,31.143400192260746,121.80500030517578,1965.964666621051
52367,37.893901825,40.201000213600004,670.074096642316
44226,43.439271921999996,5.22142410278,1688.4696976267574
19480,24.54400062561035,118.12799835205078,1007.9496445320623
6620,51.4706,-0.461941,1044.2711847934806
40946,1.35019,103.994003,2749.709795420292
4808,37.50519943237305,-77.3197021484375,762.3184387655328
42824,34.42729949951172,135.24400329589844,1767.168495398035
41929,46.195333000000005,122.00833300000001,846.4879866692611
37565,-29.916201,-71.199501,723.5060385203607
20282,42.212398529052734,-83.35340118408203,756.7409032246061
32893,48.7233333,2.3794444,1797.4139258712087
40710,24.433000564575195,54.651100158691406,380.6524263288293
60412,38.8521,-77.037697,1372.8630605503135
57163,29.98439979553223,-95.34140014648438,685.6391520832301
32220,55.40879821777344,37.90629959106445,3424.9287970726714
66909,43.9962005615,125.684997559,1750.4680391705574
56587,41.9786,-87.9048,1184.8962231377407
41913,26.2605555556,105.87333333299999,1791.8961038873485
13066,-1.31923997402,36.9277992249,3443.1613452881306
52327,40.898601532,29.3092002869,992.9242248335942
48281,28.5665,77.103104,1455.51056516763
36640,-25.5284996033,-49.175800323500006,672.70765609336
33124,41.800277799999996,12.238888900000001,1134.3181997815366
36663,30.578500747680664,103.9469985961914,1580.222375387982
6879,-43.48939895629883,172.53199768066406,2125.964479219955
56309,39.0488014221,-84.6678009033,913.8601575616516
25381,39.1754,-76.668297,256.89032415718333
16942,28.965799,118.899002,868.2377061358867
67002,25.101944399999997,102.9291667,320.6596762226342
25399,26.072599,-80.152702,3168.9091302408874
66758,41.69779968261719,86.12889862060547,2015.1411737566025
47524,40.63980103,-73.77890015,1901.489710510044
21380,42.96540069580078,-83.74359893798828,787.924633631874
57246,29.98439979553223,-95.34140014648438,1259.5754832337066
6242,38.13859939575195,-78.4529037475586,909.9734921449941
58824,32.30059814,-86.39399719,598.9125601184202
50790,43.90710067749024,87.47419738769531,3277.818151217978
43194,34.632801055908196,135.2239990234375,1185.768837416609
11261,25.7784996033,-100.107002258,840.1631585770892
37581,12.5014,-70.015198,978.8844212445324
24920,36.08010101,-115.15200039999999,2598.1412186054363
25471,36.08010101,-115.15200039999999,1395.1092057509343
57864,38.94449997,-77.45580292,724.2874116348574
47020,1.9861600399017332,-157.35000610351562,3527.5453302409455
41947,39.7934,106.7993,818.9057340458639
58715,38.8521,-77.037697,440.26406107843576
20654,46.3535995483,-87.39540100100001,561.5851588857794
13745,43.683899,10.3927,1009.8481279208952
13709,43.683899,10.3927,804.1609035319708
64861,39.0488014221,-84.6678009033,664.2462461278508
16144,25.21809959411621,110.03900146484376,602.2546773291372
7083,48.110298156738004,16.569700241089002,1035.0912784581417
52837,40.128101348899996,32.995098114,442.7456144362664
25377,38.748697,-90.370003,549.3096024263966
25305,41.785999,-87.752403,774.4092602578662
36554,33.6367,-84.428101,1902.5379334175634
197,6.058000087740001,125.096000671,1039.9236312136568
6742,34.200698852539055,-118.35900115966795,1509.6356444261417
42331,47.239601135253906,123.91799926757812,1254.7515583186307
52810,40.99509811401367,39.78969955444336,879.7681836803933
32323,43.658401489300005,7.215869903560001,496.2965196417865
16991,31.143400192260746,121.80500030517578,584.7736857343847
24888,33.43429946899414,-112.01200103759766,2549.081233958843
6200,38.8521,-77.037697,450.2338224468099
16894,31.742000579833984,118.86199951171876,1174.6886943129216
52382,38.353699,38.253899,493.89099358066727
57069,29.98439979553223,-95.34140014648438,484.6439036839163
25520,32.847099,-96.851799,878.3361022424732
66782,27.912201,120.851997,1665.040268434446
25197,41.785999,-87.752403,649.8046884087712
4965,32.30059814,-86.39399719,598.9125601184202
7875,49.909999847399995,-97.2398986816,1259.9976603116056
43212,26.1958007812,127.64600372299999,1006.5206021388301
42190,21.214399,110.358002,1586.584128739
16954,41.63980102539063,123.48300170898438,2296.911627775976
36974,53.309700012200004,-113.580001831,1186.843015132446
41473,39.782798767089844,116.38800048828124,1522.306120305668
42782,13.4834003448,144.796005249,3270.7101592474505
56585,29.98439979553223,-95.34140014648438,805.8348876010546
21720,-22.809999465900002,-43.2505569458,5409.847350012508
10030,30.3202991486,109.48500061,455.15430588027186
57837,55.40879821777344,37.90629959106445,1668.1575984737917
67001,21.973899841308594,100.76000213623048,525.8772995884335
66961,40.0801010131836,116.58499908447266,2094.6436276485633
32986,52.308601,4.76389,1481.1139884569336
33143,37.466801000000004,15.0664,1490.1477806319942
20586,33.56290054,-86.75350189,1006.7604153988857
12944,60.317199707031,24.963300704956,1521.3038023878014
25130,36.08010101,-115.15200039999999,2552.8599352379956
41698,36.2661018372,120.374000549,1442.5020936913688
16052,34.519699096699995,113.84100341799999,1238.415583632122
60501,38.8521,-77.037697,784.3240385024877
56612,32.89860153,-80.04049683,711.3294430607095
24933,39.1754,-76.668297,594.0541197280131
37774,-25.239999771118164,-57.52000045776367,1571.2707322618312
57491,39.861698150635,-104.672996521,1369.5283587476922
66933,40.0801010131836,116.58499908447266,1346.1850265899648
31370,24.433000564575195,54.651100158691406,2504.9865315314537
67402,40.0801010131836,116.58499908447266,737.2534978755679
18797,29.719200134277344,106.64199829101562,711.902745980092
18663,22.639299392700195,113.81099700927734,542.3693680510789
17727,29.98439979553223,-95.34140014648438,3013.405141587072
8046,48.646900177,-123.426002502,1229.1755194597313
42222,25.21809959411621,110.03900146484376,1290.1822890703677
50496,-43.48939895629883,172.53199768066406,2413.630765359632
16407,23.39240074157715,113.29900360107422,2733.839588114095
67067,34.519699096699995,113.84100341799999,664.1232979421644
56609,33.93880081176758,-81.11949920654297,645.7737424269717
9253,1.35019,103.994003,2648.420817398125
25110,41.785999,-87.752403,1509.804610287271
34499,39.6156005859375,140.218994140625,372.3044724977514
20905,44.882,-93.221802,409.89704886866303
41935,28.965799,118.899002,1224.5170917801304
25196,28.429399490356445,-81.30899810791016,1726.0843719153165
67019,40.0801010131836,116.58499908447266,1223.1540121096282
33222,47.464698999999996,8.54917,1136.647391249779
10352,19.088699340799998,72.8678970337,4341.423316784899
21392,37.649899,-97.433098,877.5055167737846
37726,4.70159,-74.1469,215.44910338400092
17029,22.639299392700195,113.81099700927734,1614.4284508448006
56707,31.32740020751953,-92.54979705810548,305.9342735123321
16551,31.742000579833984,118.86199951171876,1126.0697619956975
52263,40.128101348899996,32.995098114,406.6659200019605
20368,42.212398529052734,-83.35340118408203,861.6024789069867
6667,33.94250107,-118.40799709999999,629.6190531734105
9414,39.4893,-0.481625,1085.9033493587308
51465,26.471200942993164,49.79790115356445,355.24122441604146
59527,39.49909973144531,-119.76799774169922,629.6190531734105
25167,39.861698150635,-104.672996521,1385.1392038077977
21829,42.37419891357422,-122.8730010986328,922.5064974943405
13635,52.5597,13.2877,1009.8481279208952
25406,32.7336006165,-117.190002441,488.61553628349975
16901,37.74689865112305,112.62799835205078,1023.6800406850956
18705,30.22949981689453,120.43399810791016,1813.3715774887128
25450,37.362598,-121.929001,671.3853412575509
19409,28.864999771118164,115.9000015258789,528.9551181489685
10316,30.12190055847168,31.40559959411621,4341.423316784899
16971,37.40169906616211,121.37200164794922,1793.982651980484
5844,60.317199707031,24.963300704956,1847.9556424748234
57818,40.69250106811523,-74.168701171875,1950.7682271580256
13751,37.466801000000004,15.0664,921.8416302901187
17140,29.719200134277344,106.64199829101562,1129.7435924313017
25404,45.58869934,-122.59799960000001,1625.0856639054703
20688,40.8493003845,-77.84870147710002,482.52316256519055
37814,-34.5592,-58.4156,1069.6844611884255
32318,35.857498,14.4775,1234.2057876783954
36410,42.932598,-71.435699,1531.067789453141
25536,35.877601623535156,-78.7874984741211,1072.0271708606144
36451,32.446602,-93.8256,885.5733939633426
66836,40.0801010131836,116.58499908447266,803.9674953965122
56355,43.13990020751953,-89.3375015258789,1282.347965496936
55986,34.895698547399995,-82.2189025879,725.2626687485133
11004,32.541099548339844,-116.97000122070312,682.853165917438
6841,47.449001,-122.308998,1576.0998510924833
16423,23.39240074157715,113.29900360107422,994.9505002987494
31208,22.308901000000002,113.915001,1098.0774830323442
18516,30.22949981689453,120.43399810791016,1413.186455837255
48682,62.093299865722656,129.77099609375,2775.171481949696
8404,35.2140007019043,-80.94309997558594,947.7522896582758
17023,25.101944399999997,102.9291667,1883.4802656945753
25240,35.040199,-106.609001,1800.933210297584
49861,30.12190055847168,31.40559959411621,3197.2824313448314
57421,29.98439979553223,-95.34140014648438,1242.0282288648464
17011,29.719200134277344,106.64199829101562,1261.8565441177857
32450,38.28219985961914,-0.5581560134887695,3424.9287970726714
33697,26.27079963684082,50.63359832763672,1372.1609887467941
35831,51.02220153808594,71.46690368652344,3879.8353798056573
5105,40.79520035,-73.10019684,399.62924890611106
48240,11.641200065612793,92.72969818115234,1306.1476031806906
62438,36.23759841918945,43.96319961547852,3202.8649284856247
25412,41.785999,-87.752403,645.7135340281945
43203,42.77519989013672,141.69200134277344,2106.621766295313
24966,41.785999,-87.752403,980.5451788294096
13741,52.308601,4.76389,578.1873189533416
24921,28.429399490356445,-81.30899810791016,771.1780835238371
32948,37.41799926757813,-5.8931097984313965,1390.1408600392826
4672,-27.38419914245605,153.11700439453125,2295.4735574276206
44227,45.6306,8.728110000000001,1520.3497219597673
25539,42.74829864501953,-73.80169677734375,1821.0126873139563
43967,37.61899948120117,-122.375,3028.4206604523524
41418,39.782798767089844,116.38800048828124,485.9156645873886
37761,-12.0219,-77.114305,3534.167441662551
6132,35.2140007019043,-80.94309997558594,846.2239125963217
61769,55.95000076293945,-3.372499942779541,533.5303003729111
13228,45.6306,8.728110000000001,1049.07350333302
33009,41.2971,2.0784599999999998,1229.441879753691
18823,28.189199447600004,113.220001221,893.4778683341594
56325,42.88079834,-85.52279663,971.4604444479179
56593,29.98439979553223,-95.34140014648438,1582.7736444571947
5579,51.4706,-0.461941,2513.0891358999725
67391,30.578500747680664,103.9469985961914,684.5764467712166
48207,11.1367998123,75.95529937740001,944.1705522421904
16642,37.40169906616211,121.37200164794922,669.8984054004897
60297,33.94250107,-118.40799709999999,1139.604532163449
6781,20.680099487304688,-105.25399780273438,2503.6011471694546
66972,40.0801010131836,116.58499908447266,1590.788053206541
52257,40.898601532,29.3092002869,578.62229738217
8340,45.58869934,-122.59799960000001,881.6724020970257
16417,37.74689865112305,112.62799835205078,1427.2981525569862
34811,34.7569007874,133.854995728,1193.0290917216093
17089,38.481899,106.009003,1659.5035449056684
67281,34.447102,108.751999,924.6394547008018
5454,33.94250107,-118.40799709999999,2105.6862643192053
32828,43.810001,11.2051,870.0918551558901
60509,33.43429946899414,-112.01200103759766,256.77093910368933
32890,-41.43889999389648,-73.09400177001953,1296.7295884283744
18403,37.74689865112305,112.62799835205078,267.6385651986646
66890,30.578500747680664,103.9469985961914,2554.648681358448
11154,19.1581001282,-98.3713989258,757.4136146544207
64569,40.63980103,-73.77890015,1222.0934389187266
66674,30.578500747680664,103.9469985961914,1025.0271024559268
56796,32.51089859008789,-92.0376968383789,421.33007681421265
10994,31.63610076904297,-106.4290008544922,525.4242302082826
25085,37.61899948120117,-122.375,4150.825192288059
18958,27.7019,118.000999,1382.5280376558167
18481,36.2661018372,120.374000549,1150.7365237064664
9896,33.6367,-84.428101,2779.9424541114654
57311,41.06700134277344,-73.70760345458984,1184.8962231377407
24848,45.58869934,-122.59799960000001,1786.6557556111006
25318,39.861698150635,-104.672996521,1437.9685598973167
32486,37.466801000000004,15.0664,776.711191319766
18258,36.5275,102.042999,1090.038009845747
5103,34.27059936523437,-77.90260314941406,515.2548341106861
18812,28.189199447600004,113.220001221,768.1070190300466
7356,39.551700591999996,2.73881006241,1102.1912855204896
7981,43.6772003174,-79.63059997559999,673.409066903552
32469,36.67490005493164,-4.499110221862793,1546.8492407870758
52376,36.36277771,36.282222747800006,507.550110610063
21580,35.877601623535156,-78.7874984741211,542.2505492934454
20520,44.882,-93.221802,280.5647644493944
6992,38.8521,-77.037697,578.5612058620202
36886,33.6367,-84.428101,912.7658333008968
21393,45.8184013367,-88.11450195309999,412.3846273350498
56273,41.9786,-87.9048,908.6657764531769
21463,43.6772003174,-79.63059997559999,1088.9382964057882
52388,38.46820068359375,43.332298278808594,907.8907455444179
67152,38.481899,106.009003,1653.5261410809796
25547,24.556100845336914,-81.75959777832031,387.96204011608353
67106,24.2075,109.390999,1888.7060703349623
33197,40.898701,9.51763,964.0014007514633
32334,38.175999,13.091,1002.6847625170093
11806,37.61899948120117,-122.375,2963.963188844591
21271,29.533700942993164,-98.46980285644531,1005.5709941487708
21321,33.6367,-84.428101,719.8329698416734
10987,25.568300247199996,-103.41100311299999,561.2385249824304
39811,25.557100295999998,34.5836982727,3337.4412676884795
13744,38.175999,13.091,1599.4668042592991
66965,39.1244010925,117.346000671,2062.01557218737
36817,1.4846999645233154,110.34700012207031,512.7424391715588
10381,19.088699340799998,72.8678970337,1525.784563114979
36939,43.9962005615,125.684997559,1068.426719275067
6762,37.61899948120117,-122.375,1093.0595602394146
67418,40.0801010131836,116.58499908447266,510.8238121385679
21788,34.200698852539055,-118.35900115966795,923.2618104312404
66224,51.148102,-0.190278,2226.9096483017943
18678,45.6234016418457,126.25,2072.3210112141
48224,18.58209991455078,73.9197006225586,124.20083844294838
55967,36.1245002746582,-86.6781997680664,721.4329747571319
41529,39.782798767089844,116.38800048828124,559.7103930075539
16909,29.719200134277344,106.64199829101562,1206.2171955187937
60394,37.9364013672,23.944499969499997,299.23477256723186
37706,18.567399978599997,-68.36340332030001,3534.167441662551
57767,41.9786,-87.9048,633.5001335705921
25447,39.49909973144531,-119.76799774169922,787.0188387942994
20287,44.882,-93.221802,684.1547329332143
4776,-34.945,138.53100600000002,1619.938868381476
25306,27.975500106811523,-82.533203125,1055.407943148767
56315,41.53400039672852,-93.66310119628906,1632.3628445133334
50458,10.307499885559,123.97899627686,398.4338759394854
37602,10.435,-73.2495,645.1476678768605
56058,41.9786,-87.9048,342.2437984448206
25383,41.785999,-87.752403,1131.1346318917656
32337,31.6068992615,-8.036299705510002,1404.8216263622176
18737,24.54400062561035,118.12799835205078,2996.0592547295455
16643,23.39240074157715,113.29900360107422,531.9367548521147
13764,41.4146995544,19.7206001282,748.2106924184504
38764,48.353802,11.7861,1241.5401038137989
66824,40.0801010131836,116.58499908447266,1342.9678990490588
8504,53.309700012200004,-113.580001831,1019.0236640242384
6625,37.61899948120117,-122.375,676.6021367108782
8281,50.43190002441406,-104.66600036621094,1332.3215141662909
56864,17.601600647,-101.460998535,1510.3262797366235
5726,36.58700180053711,-121.84300231933594,428.57257724310887
34827,35.764701843299996,140.386001587,1602.0659146723713
6748,55.35559845,-131.7140045,1092.770297270906
56228,33.94250107,-118.40799709999999,1732.683535071207
18396,25.935100555419922,119.66300201416016,665.5527885213314
5426,33.43429946899414,-112.01200103759766,192.07030247271354
67401,25.101944399999997,102.9291667,1357.9576379527423
12018,32.896801,-97.038002,1934.858633034494
16458,23.39240074157715,113.29900360107422,765.5851298275497
19452,29.719200134277344,106.64199829101562,474.4215642218185
25090,27.975500106811523,-82.533203125,1670.3491501641508
24846,39.2976,-94.713898,1154.1830361651653
56411,36.281898,-94.30680100000001,1815.491849403602
5056,38.8521,-77.037697,659.9832439429006
53990,28.429399490356445,-81.30899810791016,2445.133639510956
17076,31.742000579833984,118.86199951171876,877.1834213427495
67273,30.578500747680664,103.9469985961914,1545.5946911038232
67130,32.1506,112.291,962.0634526720144
18767,25.935100555419922,119.66300201416016,968.3409251399753
33129,45.505299,12.3519,763.4988855573002
9443,13.681099891662598,100.74700164794922,596.7081267163255
16176,36.857200622558594,117.21600341796876,1033.7967422501256
60255,33.94250107,-118.40799709999999,1170.5636780751493
32196,41.800277799999996,12.238888900000001,1546.8492407870758
5091,39.0488014221,-84.6678009033,659.9832439429006
11590,33.94250107,-118.40799709999999,2886.319228762426
41707,36.2661018372,120.374000549,1353.0487842999296
18702,25.935100555419922,119.66300201416016,1680.6125255029174
44292,35.531700134277344,24.149700164794922,564.1522802266165
36583,33.6367,-84.428101,274.7080703306348
56856,30.4832,-86.525398,848.549977776181
39780,34.875099182128906,33.62490081787109,2505.174815335635
16528,29.719200134277344,106.64199829101562,354.02110479225496
13620,55.972599,37.4146,2675.6619839967216
16459,30.578500747680664,103.9469985961914,1281.1352467045526
56338,30.49410057067871,-81.68789672851562,1320.9464209472949
16098,23.39240074157715,113.29900360107422,1238.415583632122
32604,57.662799835205,12.279800415039,1068.833686472654
25091,39.861698150635,-104.672996521,1342.9195628748057
10998,33.94250107,-118.40799709999999,881.1075124149638
43036,26.1958007812,127.64600372299999,731.8243570456287
50099,55.972599,37.4146,1604.2563709437868
66805,40.0801010131836,116.58499908447266,1292.85500224243
58667,42.94049835,-78.73220062,634.9360289769585
32268,60.29339981,5.218140125,2123.203109921693
36861,33.6367,-84.428101,817.2204221283627
32297,53.630401611328004,9.988229751586902,1492.5636307154127
5858,38.7813,-9.13592,1563.9306140569588
17272,22.639299392700195,113.81099700927734,389.81199828406756
10910,43.629101,1.36382,605.5086585177058
36506,-19.62444305419922,-43.97194290161133,626.7605770366075
20561,33.6367,-84.428101,274.7080703306348
16958,36.857200622558594,117.21600341796876,1614.4284508448006
9170,30.78249931335449,-83.27670288085938,335.3424559363311
66670,28.8005555556,104.545,1060.4416338276064
24912,37.362598,-121.929001,2371.411756602586
20615,38.0369987488,-87.53240203860001,584.4751430199412
62482,63.985000610352,-22.605600357055998,2431.1303255801795
57375,40.8493003845,-77.84870147710002,847.4228744762135
20391,42.212398529052734,-83.35340118408203,214.6053347910662
42593,39.782798767089844,116.38800048828124,2142.60090351117
17185,37.40169906616211,121.37200164794922,1181.8300036729863
25601,22.308901000000002,113.915001,1094.0534638469685
43173,42.77519989013672,141.69200134277344,2241.7074396091225
17004,42.8828010559,129.451004028,1069.580204290825
18469,25.101944399999997,102.9291667,1680.6125255029174
66887,40.0801010131836,116.58499908447266,1927.94795997474
20237,32.446602,-93.8256,885.5733939633426
33234,37.466801000000004,15.0664,1683.9329879053178
13523,24.433000564575195,54.651100158691406,3024.695274292971
32773,29.99340057373047,-90.25800323486328,1084.5929689177433
61051,1.35019,103.994003,1697.6123336271958
56913,13.4409,-89.055702,3369.8311595403798
16980,31.78000068664551,117.2979965209961,573.6661276560083
19241,31.78000068664551,117.2979965209961,788.5212689881191
32533,41.2971,2.0784599999999998,2400.148623547651
42388,29.719200134277344,106.64199829101562,1121.0004679470903
21451,36.19839859008789,-95.88809967041016,991.3523836358763
25206,27.975500106811523,-82.533203125,1686.8482892069096
13546,21.6796,39.156502,3833.2684442378772
6541,39.1223983765,-108.527000427,705.2739284552085
33235,41.800277799999996,12.238888900000001,1198.9815450253607
32502,51.4706,-0.461941,1068.833686472654
20117,38.0369987488,-87.53240203860001,563.5671813013656
32489,48.7233333,2.3794444,870.0918551558901
9602,18.57999992370605,-72.2925033569336,2457.0402754190354
43274,38.9656982421875,121.53900146484376,362.503413455428
11257,20.521799087524414,-103.31099700927734,561.2385249824304
10024,33.6367,-84.428101,335.3424559363311
57167,39.861698150635,-104.672996521,1540.7703043808765
37751,4.70159,-74.1469,176.91064065029576
36553,13.681099891662598,100.74700164794922,596.7081267163255
52386,41.13819885253906,27.919099807739254,442.7456144362664
4138,26.10610008239746,91.58589935302734,276.1240903760275
55971,32.89860153,-80.04049683,960.0302011052189
57422,41.411701202399996,-81.8498001099,1645.5858434963013
5037,-27.38419914245605,153.11700439453125,1391.1220248734105
20518,43.6772003174,-79.63059997559999,664.2462461278508
67044,25.101944399999997,102.9291667,600.878050609258
6766,38.748697,-90.370003,2744.344982350002
33208,49.498699,11.078056,964.0014007514633
16519,24.54400062561035,118.12799835205078,1534.3372232268869
13222,49.012798,2.55,1631.4395185839664
59792,41.9786,-87.9048,107.70559301189599
36346,32.516300201416016,-84.93890380859375,133.36375513525203
51828,-22.809999465900002,-43.2505569458,3776.6462598626176
42594,31.143400192260746,121.80500030517578,1586.584128739
19145,39.1244010925,117.346000671,1863.4019871814776
41925,36.636902,109.554001,691.7166146247383
32639,41.2971,2.0784599999999998,994.0003331037478
66955,31.1302,107.4295,802.3480477613471
40558,13.681099891662598,100.74700164794922,596.7081267163255
10028,23.39240074157715,113.29900360107422,826.7857025002767
57171,40.69250106811523,-74.168701171875,1282.347965496936
6708,47.449001,-122.308998,1692.2473795404437
41290,-3.3240199089050293,29.318500518798828,176.15371894310238
54040,20.785600662231445,-76.31510162353516,2563.9028248693526
50923,50.20299911499024,12.914999961853027,1528.476972284757
32858,41.2971,2.0784599999999998,201.96692631453337
18553,26.6800003052,100.24600219700001,2009.8163100212355
6972,39.87189865112305,-75.24109649658203,634.4819861279402
21433,45.63119888305664,-89.46749877929688,305.40994311254957
32264,52.308601,4.76389,1241.1362442046454
23013,29.99340057373047,-90.25800323486328,1349.2498778486824
16997,37.74689865112305,112.62799835205078,707.0178182702012
37582,10.8896,-74.7808,691.6065123759528
25024,47.449001,-122.308998,2684.395185118378
32313,49.6233333,6.204444400000001,979.7716819609727
57358,30.473400115967003,-87.18659973144501,1280.9266443716765
34675,36.2661018372,120.374000549,1362.6881339118693
32188,52.308601,4.76389,1883.657308271785
10846,33.6367,-84.428101,234.66539121322728
24957,42.212398529052734,-83.35340118408203,656.7378494155648
32525,43.30110168457031,-2.9106099605560303,609.1855181048561
13621,45.200802,7.64963,901.8735568493307
50331,50.9014015198,4.48443984985,2395.434753691376
57492,37.61899948120117,-122.375,998.1245638071297
41429,39.782798767089844,116.38800048828124,1428.0860849669161
33201,51.289501,6.766780000000001,1174.4896408013074
9048,32.516300201416016,-84.93890380859375,133.36375513525203
16106,26.53849983215332,106.8010025024414,1113.8307642250475
61180,16.043899536132812,108.1989974975586,555.1184574896182
20718,42.212398529052734,-83.35340118408203,584.4751430199412
39573,46.23809814453125,6.108950138092041,2824.3995987203357
56108,46.7974014282,-102.80200195299999,785.8571698173004
25328,47.449001,-122.308998,2719.289788813939
67429,40.0801010131836,116.58499908447266,2179.1701901581755
24910,41.785999,-87.752403,1565.1641469551087
4810,32.7336006165,-117.190002441,4155.895107149773
7957,45.3224983215332,-75.66919708251953,526.0363225770185
37641,-22.809999465900002,-43.2505569458,1995.77314293956
16788,36.857200622558594,117.21600341796876,362.55308589573474
36340,41.88470077514648,-91.71080017089844,1117.5025110844736
20624,36.097801208496094,-79.93730163574219,740.8005812623281
36634,33.6367,-84.428101,929.9351484718935
50232,30.12190055847168,31.40559959411621,3208.608791885626
20453,35.877601623535156,-78.7874984741211,582.4932818853749
25353,41.785999,-87.752403,1330.3866693839416
32642,48.7233333,2.3794444,1438.1115300201666
25733,35.1795005798,128.93800354,782.2171858327156
21407,43.532901763916016,-84.07959747314453,743.5444696090543
20210,40.664199829100006,-89.6932983398,909.7134603806975
34425,-20.535200119018555,-70.18129730224611,1430.9675822243362
56876,39.861698150635,-104.672996521,736.0038675516306
47547,40.63980103,-73.77890015,3928.037600752204
25276,35.39310073852539,-97.60070037841795,1111.331105805857
8488,46.1614,-60.047798,1562.2694838576767
62441,35.5617485046,45.316738128699996,3325.9559708229176
18937,24.7964,118.589996,1709.7178431928069
13068,-4.674339771270752,55.52180099487305,3237.96055803902
42486,39.782798767089844,116.38800048828124,925.0076354511698
32198,53.630401611328004,9.988229751586902,2191.7065924337303
8369,37.61899948120117,-122.375,1229.1755194597313
4665,-27.38419914245605,153.11700439453125,1619.938868381476
32316,39.86259841918945,4.2186498641967765,241.04922082808858
36415,32.51089859008789,-92.0376968383789,719.8329698416734
25273,44.882,-93.221802,560.3156504681872
41938,35.04610061645508,118.41200256347656,556.1579403372638
42272,30.22949981689453,120.43399810791016,1038.4231560434778
32189,41.2971,2.0784599999999998,765.9663996293787
43249,25.935100555419922,119.66300201416016,697.0585014063013
66699,23.39240074157715,113.29900360107422,965.6408906472236
25304,28.429399490356445,-81.30899810791016,1100.2998227639982
6718,38.8521,-77.037697,837.1501615567706
9042,41.88470077514648,-91.71080017089844,1117.5025110844736
12696,38.7813,-9.13592,3363.877948690696
21126,34.895698547399995,-82.2189025879,981.4504990812961
52228,40.898601532,29.3092002869,675.2386275308916
18392,24.54400062561035,118.12799835205078,1548.858864488975
24132,8.1132,98.316902,673.5405578080735
17131,41.63980102539063,123.48300170898438,1464.1198253468965
61062,1.35019,103.994003,3339.1226366067644
16539,36.857200622558594,117.21600341796876,1510.3045515986973
44570,48.110298156738004,16.569700241089002,1668.1575984737917
25267,34.729400634799994,-92.22429656979999,876.1072125345829
16968,35.116391,111.031388889,1413.3433384650837
48434,38.761798999999996,-27.090799,119.51215164228934
56118,48.31050109863281,-114.25599670410156,1209.8413800799547
57903,37.61899948120117,-122.375,1229.1755194597313
13072,33.6367,-84.428101,264.35772692163215
19435,33.425833000000004,120.203056,1007.9496445320623
32523,52.308601,4.76389,1516.6619132239928
65594,24.5534,39.705101,1511.6817092179945
34677,37.40169906616211,121.37200164794922,1290.9288507449137
25075,41.785999,-87.752403,1141.0753333344596
17245,36.2661018372,120.374000549,1069.580204290825
32776,41.2971,2.0784599999999998,1234.2057876783954
53795,37.7411994934,-25.6979007721,1508.5378168212826
7851,43.6772003174,-79.63059997559999,947.7522896582758
42789,36.39459991455078,136.40699768066406,841.303265382003
19224,34.447102,108.751999,924.6394547008018
13376,52.308601,4.76389,717.9564741660643
9501,33.6367,-84.428101,696.3169163964758
36004,37.40169906616211,121.37200164794922,448.4486329472763
17085,34.519699096699995,113.84100341799999,2485.613713390217
10960,21.036500930800003,-86.8770980835,2377.595727368645
25421,32.7336006165,-117.190002441,4122.779537974356
66957,21.973899841308594,100.76000213623048,412.1403468651471
36563,25.21809959411621,110.03900146484376,844.4688372455315
67377,29.719200134277344,106.64199829101562,1273.042646555984
30655,36.08010101,-115.15200039999999,3609.28252342195
19100,24.54400062561035,118.12799835205078,1137.6305049167088
11147,24.764499664299997,-107.474998474,749.2967730849439
5563,38.8521,-77.037697,515.2548341106861
37647,-34.8222,-58.5358,1995.77314293956
57871,41.9786,-87.9048,1590.0360718046024
57168,33.94250107,-118.40799709999999,428.57257724310887
16662,41.63980102539063,123.48300170898438,1602.0659146723713
55924,39.861698150635,-104.672996521,1366.1460881176113
36430,37.13190079,-76.49299622,817.2204221283627
25190,39.1754,-76.668297,1551.6538270875483
25060,38.69540023803711,-121.59100341796876,1459.7574704866897
5148,45.4706001282,-73.7407989502,784.3240385024877
16335,30.578500747680664,103.9469985961914,1344.189068547751
20821,44.882,-93.221802,280.05553044332606
14822,19.4363,-99.072098,2050.7079202094415
25490,33.6367,-84.428101,2490.942451680013
32901,36.67490005493164,-4.499110221862793,768.2318493941316
12958,52.5597,13.2877,578.1873189533416
16636,41.63980102539063,123.48300170898438,1174.6886943129216
64626,45.4706001282,-73.7407989502,2264.7127590525893
40927,13.1979,77.706299,710.2190420592295
19402,30.578500747680664,103.9469985961914,1548.858864488975
9679,41.92359924316406,8.8029203414917,517.4295941758219
32399,36.67490005493164,-4.499110221862793,1735.4805592769055
20527,40.77719879,-73.87259674,881.7963472592369
16912,37.40169906616211,121.37200164794922,594.1008994070179
62467,51.148102,-0.190278,1935.2700652213312
57897,41.9786,-87.9048,565.5596446322581
21677,44.882,-93.221802,122.51979240854988
37999,38.94449997,-77.45580292,859.0311610793252
9928,33.6367,-84.428101,912.7658333008968
66762,26.6800003052,100.24600219700001,564.1709662419781
18546,40.851397999999996,111.82399699999999,1413.186455837255
18478,1.35019,103.994003,3207.3179745363614
35600,22.308901000000002,113.915001,1933.9393718554486
11229,21.036500930800003,-86.8770980835,3227.161068671862
25204,37.61899948120117,-122.375,2406.3504996457586
19091,25.935100555419922,119.66300201416016,1353.664378672492
5660,37.721298,-122.221001,3824.833497388904
36825,-4.38574981689,15.4446001053,2409.7862241662365
20717,33.6367,-84.428101,563.5671813013656
32927,41.2971,2.0784599999999998,809.27821322445
41923,40.060299,113.48200200000001,249.7198975885752
9254,30.7838,114.208,826.7857025002767
32294,57.662799835205,12.279800415039,1958.3116794184061
16368,24.7964,118.589996,630.8742732233495
62449,59.651901245116996,17.918600082397,3202.8649284856247
10319,7.180759906768799,79.88410186767578,1525.784563114979
56086,35.43360138,-119.0569992,1356.7708249200514
66853,31.143400192260746,121.80500030517578,1402.07549456522
13145,37.466801000000004,15.0664,1631.4395185839664
48537,40.6090011597,72.793296814,3025.1917054612322
18036,24.433000564575195,54.651100158691406,2332.872009396217
24997,39.1754,-76.668297,580.7082466113519
60951,-37.0080986023,174.79200744599999,3251.34054348022
16890,40.851397999999996,111.82399699999999,977.9467291153701
32630,52.1656990051,20.9671001434,1469.6046805608325
16654,24.54400062561035,118.12799835205078,1036.9540192096113
42270,40.560001373291016,109.99700164794922,476.5785333250715
16251,45.6234016418457,126.25,1622.3659650560276
13662,24.433000564575195,54.651100158691406,3237.96055803902
4670,38.8521,-77.037697,753.0295420273412
37573,-33.393001556396484,-70.78579711914062,1571.2707322618312
19427,29.73329925537109,118.25599670410156,577.1625026925587
4693,39.87189865112305,-75.24109649658203,462.6451868615807
56246,29.98439979553223,-95.34140014648438,1293.0776115800013
16640,34.447102,108.751999,988.1357534999472
52812,39.813801,36.9035,654.4811272830904
17254,31.143400192260746,121.80500030517578,697.0248658174298
35826,48.110298156738004,16.569700241089002,3879.8353798056573
16107,25.21809959411621,110.03900146484376,1097.0675517723682
36315,31.535499572753906,-84.19450378417969,234.66539121322728
25055,33.43429946899414,-112.01200103759766,968.5377565127927
20395,40.78839874267578,-111.97799682617188,356.60781303109263
36613,33.6367,-84.428101,1042.3425917786142
21846,44.0452995300293,-103.05699920654295,816.3692932994264
13747,52.308601,4.76389,936.9093615891178
13629,45.505299,12.3519,530.4480272884257
19124,24.7964,118.589996,542.3693680510789
67082,25.935100555419922,119.66300201416016,1598.5262266818463
20824,40.78839874267578,-111.97799682617188,646.9768345327672
20131,40.97850037,-85.19509888,819.1739529373724
17255,31.19790077209473,121.33599853515624,689.8388052335688
32559,37.41799926757813,-5.8931097984313965,687.2125366134663
35613,22.308901000000002,113.915001,1988.6120645732933
16970,30.55655,111.47998799999999,910.2715885770299
37560,-54.8433,-68.2958,2381.382322111127
32373,43.302101,-8.37726,442.296080178436
5138,32.12760162,-81.20210266,837.1501615567706
42230,39.782798767089844,116.38800048828124,1054.0136529778167
23001,41.9786,-87.9048,1349.2498778486824
17127,26.53849983215332,106.8010025024414,862.8535950305077
67392,40.0801010131836,116.58499908447266,1327.1698215411632
11146,31.63610076904297,-106.4290008544922,896.4795702617042
18661,40.0801010131836,116.58499908447266,1709.7178431928069
36329,31.2588005065918,-81.46649932861328,383.5535197981502
16410,31.919701,119.778999,1622.3659650560276
66971,35.116391,111.031388889,1357.9576379527423
18819,30.22949981689453,120.43399810791016,1127.7527258624211
19062,30.22949981689453,120.43399810791016,1038.4231560434778
16516,37.74689865112305,112.62799835205078,1678.108590979289
16301,31.4944000244,120.429000854,622.6563307661451
13557,24.957599639892575,46.69879913330078,4084.723110575931
9880,33.6367,-84.428101,909.7134603806975
16632,25.21809959411621,110.03900146484376,1126.0697619956975
4785,-19.252500534057614,146.76499938964844,1112.2599829541261
6375,38.8521,-77.037697,3773.2264283350205
55765,37.61899948120117,-122.375,1439.304971184156
23714,6.165609836578369,1.2545100450515747,1232.90725859181
42776,33.585899353027344,130.45100402832028,366.86708841068565
33132,51.289501,6.766780000000001,1134.3181997815366
18693,21.5394,109.293999,760.9447954905063
34727,35.764701843299996,140.386001587,2035.0885239353647
39814,41.961601,21.621401000000002,1198.2981048409072
44427,50.1008,14.26,1583.8799111432031
21342,45.07809829999999,-83.56030273,759.7772170742797
24195,36.08010101,-115.15200039999999,3609.28252342195
21014,42.212398529052734,-83.35340118408203,119.16635802872096
37806,4.70159,-74.1469,713.7096216505126
66225,31.673000335700003,6.140439987180001,2226.9096483017943
16471,30.22949981689453,120.43399810791016,630.8742732233495
5079,33.56290054,-86.75350189,1050.5908192802372
4155,22.654699325561523,88.44670104980469,1306.1476031806906
4099,25.4524002075,82.85929870609999,667.0005866069571
37618,-34.5592,-58.4156,649.1310680002375
18460,-6.1255698204,106.65599823,3831.514405997894
6646,33.94250107,-118.40799709999999,1170.5636780751493
6346,45.4706001282,-73.7407989502,1200.652474130089
60086,42.94720077514648,-87.89659881591797,1108.1397811183788
9200,43.439271921999996,5.22142410278,360.3430062688742
16992,31.19790077209473,121.33599853515624,570.5258284395953
16253,41.63980102539063,123.48300170898438,1129.731325372212
21656,44.882,-93.221802,305.40994311254957
36963,41.63980102539063,123.48300170898438,1514.6229573363105
66719,24.54400062561035,118.12799835205078,1273.042646555984
32266,37.9364013672,23.944499969499997,1904.5077165263335
9138,9.0713596344,-79.3834991455,2779.9424541114654
16056,31.919701,119.778999,1142.3344117368486
50482,1.35019,103.994003,1241.8949952639796
20865,35.04240036010742,-89.97669982910156,754.2830175024089
25089,28.429399490356445,-81.30899810791016,1631.0088642348894
40930,10.152000000000001,76.401901,505.61001653422
61188,16.043899536132812,108.1989974975586,1697.6123336271958
21589,33.6367,-84.428101,909.7134603806975
13104,41.4146995544,19.7206001282,768.2274010604906
32844,41.2971,2.0784599999999998,1980.4718075012772
57504,33.94250107,-118.40799709999999,4845.358011109405
19426,39.1244010925,117.346000671,1622.9291210321564
21818,43.514599,-112.070999,303.2365109052806
17072,45.6234016418457,126.25,1427.2981525569862
32347,28.044500351,-16.5725002289,2245.1476324412924
19352,40.0801010131836,116.58499908447266,1382.5280376558167
5733,45.58869934,-122.59799960000001,1343.0896596192863
51152,52.5597,13.2877,1603.1328075139304
56238,41.9786,-87.9048,638.9191125233101
66714,39.1244010925,117.346000671,1432.3295344844057
56726,32.89860153,-80.04049683,1485.828012139484
64583,43.6772003174,-79.63059997559999,664.2462461278508
16173,31.78000068664551,117.2979965209961,559.9719289865333
52698,40.898601532,29.3092002869,428.20527693876977
25145,34.200698852539055,-118.35900115966795,358.7231942159813
56433,39.861698150635,-104.672996521,1209.8413800799547
4866,38.8521,-77.037697,840.2055686152863
36672,36.2661018372,120.374000549,671.2626571877585
16994,38.28070068359375,114.6969985961914,549.8759564399477
25530,42.94720077514648,-87.89659881591797,511.0464499102137
17142,24.54400062561035,118.12799835205078,351.3711269749242
33141,48.6898994446,9.22196006775,563.5850036855309
66772,41.63980102539063,123.48300170898438,2134.8229959291966
56000,26.68320083618164,-80.09559631347656,1645.5858434963013
40928,19.088699340799998,72.8678970337,1525.784563114979
57831,38.94449997,-77.45580292,674.3914216722618
48593,43.39899826049805,132.14799499511722,816.4098808716847
36545,33.6367,-84.428101,734.7556381568949
41393,52.308601,4.76389,398.26978308829587
5140,27.39539909362793,-82.55439758300781,1372.8630605503135
67162,34.447102,108.751999,1273.082604778985
6956,38.8521,-77.037697,1303.0406952644612
11101,20.6026992798,-97.4608001709,212.5063997725279
50512,1.35019,103.994003,1137.661658482279
44243,40.51969909667969,22.97089958190918,564.1522802266165
9125,34.8292007446,-77.61209869380002,640.3389285403589
36552,-23.435556411743164,-46.47305679321289,496.4652198254494
20884,40.78839874267578,-111.97799682617188,303.2365109052806
36840,25.21809959411621,110.03900146484376,346.7282192168106
20627,34.637199401855,-86.775100708008,893.2933125302113
48189,22.654699325561523,88.44670104980469,1546.8398946011116
32451,41.2971,2.0784599999999998,3028.6991572578568
4070,22.654699325561523,88.44670104980469,1312.6803602344014
17249,30.22949981689453,120.43399810791016,802.191998798633
5691,61.174400329589844,-149.99600219726562,3770.8093237260705
16639,37.74689865112305,112.62799835205078,877.1834213427495
41655,39.782798767089844,116.38800048828124,1222.4992738974533
5986,33.94250107,-118.40799709999999,2500.0015342760353
13624,45.395699,10.8885,823.2094063445192
58961,40.79520035,-73.10019684,399.62924890611106
25368,39.1754,-76.668297,1894.4539249815293
25504,33.94250107,-118.40799709999999,600.4217532554477
13543,37.466801000000004,15.0664,1049.07350333302
67352,30.578500747680664,103.9469985961914,622.7660519319492
33220,40.898701,9.51763,866.6539186577961
9705,-23.435556411743164,-46.47305679321289,2697.4628817813104
9116,32.51089859008789,-92.0376968383789,719.8329698416734
57312,34.637199401855,-86.775100708008,822.2327760778635
67010,40.0801010131836,116.58499908447266,1888.7060703349623
24955,39.90240097045898,-84.21939849853516,652.3521181407
21029,25.7784996033,-100.107002258,1832.1532692442395
20681,37.3255,-79.975403,615.1989444347769
33111,50.033333,8.570556,1490.1477806319942
24953,39.998001,-82.891899,540.9911415493356
52798,40.562198638916016,43.1150016784668,1162.7019658155143
32440,41.2971,2.0784599999999998,1344.587475338898
50254,35.3396987915,25.1802997589,2395.434753691376
62470,63.985000610352,-22.605600357055998,1935.2700652213312
48245,19.088699340799998,72.8678970337,1001.7879421578436
11143,21.705601,-102.318001,505.6835283252334
67296,37.03850173950195,79.86489868164062,997.8822900667134
8438,39.2976,-94.713898,1345.017171860455
20887,44.882,-93.221802,412.3846273350498
20611,41.53400039672852,-93.66310119628906,856.4243061713111
62436,63.985000610352,-22.605600357055998,3208.0669553310013
17213,27.7019,118.000999,351.3711269749242
19367,25.935100555419922,119.66300201416016,1410.8998118914026
33090,47.464698999999996,8.54917,1064.7408432924558
32567,41.2971,2.0784599999999998,626.4431281475144
67413,40.0801010131836,116.58499908447266,1114.883726530627
57417,37.61899948120117,-122.375,663.7826361770799
63753,26.53619956970215,-81.75520324707031,1634.2698995698706
57282,38.37310028076172,-81.59320068359375,669.2249962730675
57245,40.69250106811523,-74.168701171875,1819.7552438970686
13693,43.683899,10.3927,2346.9732008561878
32653,37.41799926757813,-5.8931097984313965,1377.5380766119608
18657,29.9342002869,122.36199951200001,681.8738390374103
17074,36.5152015686,103.620002747,809.8895221252066
18564,39.1244010925,117.346000671,1028.3947203090624
16548,25.935100555419922,119.66300201416016,968.3409251399753
13051,7.180759906768799,79.88410186767578,3300.109724333543
60515,38.8521,-77.037697,578.5612058620202
11126,22.8971004486,-102.68699646,537.1460867227325
16478,24.54400062561035,118.12799835205078,497.6002451616746
36877,52.308601,4.76389,1333.237625434954
66964,36.857200622558594,117.21600341796876,1883.4802656945753
25223,32.3111991882,-90.0758972168,944.8785220556301
19007,25.935100555419922,119.66300201416016,607.5466729335096
62459,59.41329956049999,24.8327999115,2676.981505484677
18595,28.864999771118164,115.9000015258789,2072.3210112141
4033,13.1979,77.706299,1546.8398946011116
37575,4.70159,-74.1469,691.6065123759528
16128,36.857200622558594,117.21600341796876,1068.426719275067
16452,30.7838,114.208,1137.130417067756
59745,29.99340057373047,-90.25800323486328,1084.5929689177433
33097,37.466801000000004,15.0664,1282.4972696827363
25025,37.61899948120117,-122.375,2370.1709798003762
3963,22.654699325561523,88.44670104980469,1546.8398946011116
61652,51.4706,-0.461941,647.0947460207124
67358,25.101944399999997,102.9291667,1180.7543194114044
32259,28.945498999999998,-13.6052,1974.1262423414275
21590,42.212398529052734,-83.35340118408203,555.6583178835521
43953,19.4363,-99.072098,2500.0015342760353
41415,39.782798767089844,116.38800048828124,345.0153797668813
33239,45.505299,12.3519,787.3561058323708
43042,42.77519989013672,141.69200134277344,841.303265382003
66706,26.6800003052,100.24600219700001,711.902745980092
33140,51.289501,6.766780000000001,895.4875849034709
32582,28.044500351,-16.5725002289,2912.426406857475
67165,23.39240074157715,113.29900360107422,1175.5994647125094
25246,36.1245002746582,-86.6781997680664,636.3291442642529
44596,48.110298156738004,16.569700241089002,1587.297300059063
56730,18.65369987487793,-91.79900360107422,1309.7882204013017
32239,37.41799926757813,-5.8931097984313965,1852.068360360309
23906,0.45860001444799997,9.4122800827,433.94603789697845
56770,30.49410057067871,-81.68789672851562,1312.0444371990816
32990,41.800277799999996,12.238888900000001,1102.4320317983495
42432,39.782798767089844,116.38800048828124,1382.3025200590646
17281,27.912201,120.851997,999.1361279017761
66960,22.60829925537109,108.1719970703125,600.878050609258
56407,36.19839859008789,-95.88809967041016,1950.7682271580256