,x,y,distance,source,airline
32318,-2.0941212,-7.751055,1234.2057876783954,BCN,IB
32197,11.378999,-34.7506,2075.8681043880288,AGP,IB
16469,5.3532276,22.08585,594.9368954305801,JIU,CA
66762,4.63948,23.299032,564.1709662419781,CTU,ZH
45175,6.3395734,-23.467686,1647.7053646876889,TAO,OZ
12013,-14.58146,26.946262,600.4217532554477,SMF,AS
8488,-0.14973876,-24.149359,1562.2694838576767,YYZ,AC
32925,9.5124445,-33.22805,1970.5019279952976,SVG,IB
36346,0.3773599,40.495728,133.36375513525203,ATL,KL
44410,25.024155,-42.287567,2963.301670798284,GYD,OK
13687,14.377995,-36.752277,2229.565679627245,SVO,AZ
18497,5.2154326,-4.574848,1154.1115823570537,HAK,CZ
50545,11.051341,-32.936268,2012.8227250416085,SIN,SQ
56325,-16.021034,1.344786,971.4604444479179,EWR,UA
56706,13.490402,-35.397396,2162.882663341413,IAH,UA
17250,6.685042,2.6561503,999.8782546601542,YNT,CA
25346,7.160783,-32.39745,1877.428621786554,MSY,FL
17027,6.04098,15.181401,734.7503665913746,TNA,CA
66714,4.1572256,-15.766863,1432.3295344844057,CKG,ZH
50489,23.351355,-41.15131,2802.1160076904803,LAX,SQ
19452,4.578675,27.175455,474.4215642218185,YIH,CZ
40507,30.527407,-45.402412,3661.123815352549,BKI,MH
36492,6.3284125,16.878218,703.3573400896196,BKK,KL
42257,5.168672,-5.495583,1176.7569329512057,SHE,MU
20627,-17.001385,5.906657,893.2933125302113,DTW,DL
18819,5.472759,-3.509941,1127.7527258624211,MFM,CZ
25319,9.262733,-34.5285,2003.7822750096718,MKE,FL
67106,9.365222,-30.61804,1888.7060703349623,PEK,ZH
56783,-9.627848,32.5304,484.6439036839163,IAH,UA
63753,0.7836141,-26.210054,1634.2698995698706,DFW,WN
24918,-13.214334,-5.033295,1096.541870155329,BHM,FL
6749,-1.5385339,-24.50386,1536.9096838729727,SEA,AA
4670,-16.0811,15.692962,753.0295420273412,AGS,AA
32846,-3.198158,14.437064,711.5818654965973,OVD,IB
42163,6.2113023,2.7643614,998.9486784761725,PVG,MU
60294,11.143863,-35.86125,2124.9691324193172,RTB,US
36363,-12.408049,28.511013,563.5671813013656,ATL,KL
36364,-15.394661,19.442225,696.3169163964758,ATL,KL
25290,0.9678826,-27.048107,1668.413037718252,MDW,FL
56721,-6.1915493,33.957912,407.1767878809261,IAH,UA
60500,-7.3061256,-13.043703,1292.2599215386977,YUL,US
64610,29.964369,-44.014782,3493.9481090046993,LAX,WS
20431,-4.873697,36.79862,354.93147067552974,CID,DL
66667,5.953431,5.1257997,954.0365165696898,CAN,ZH
8200,-10.9819145,29.911203,532.4333282076734,YUL,AC
10933,10.472545,-35.382904,2077.948452850371,CUN,AM
36651,-5.9884763,36.10476,386.3731483179364,GTR,KL
25470,0.4916873,-26.709188,1645.0658311574025,SEA,FL
42272,6.124742,0.8262938,1038.4231560434778,SJW,MU
32944,10.592566,-34.23181,2038.4901013345757,TFN,IB
6874,6.164198,-4.9915986,1164.1385075760948,SYD,AA
6765,-0.9203616,-25.275927,1576.0998510924833,SEA,AA
16653,3.9470675,-11.037549,1317.625522704851,NNG,CA
66639,4.2088814,-8.549793,1247.5434814612522,CAN,ZH
19019,6.086556,12.20199,804.1439647011956,SHA,CZ
36200,-3.3113146,13.673079,734.4065638802332,AMS,KL
25066,6.268453,-32.31279,1847.1542943727388,DSM,FL
13747,-2.69216,4.8184533,936.9093615891178,VCE,AZ
37547,-10.872026,-7.767885,1163.6353799800982,ADZ,LA
6763,-13.514716,-7.0641594,1121.986783009741,SEA,AA
48565,33.0789,-47.076157,4897.107755916821,DME,S7
18796,4.770193,-5.031762,1167.8897531346456,LHW,CZ
16465,5.312698,24.442621,541.4141090473782,JDZ,CA
20534,-15.273771,21.764969,665.1203233358242,DCA,DL
18654,5.1392865,23.658989,559.2516288727064,JJN,CZ
23854,2.8823357,-26.360277,1680.5307647764057,LFW,ET
9084,-6.1171546,36.230927,386.3731483179364,ATL,AF
67437,6.7081914,-23.234482,1644.6260991446336,ZYI,ZH
56213,-5.929075,-15.660842,1377.4852521933265,DEN,UA
5105,-5.875975,35.145607,399.62924890611106,DCA,AA
25223,-16.566898,2.7537475,944.8785220556301,MCO,FL
24216,5.3028154,1.6582817,1024.785234389164,MDL,EY
56390,-11.989326,-7.088604,1140.636094136278,EWR,UA
57159,-8.236637,-12.18815,1263.7117426556288,MLM,UA
37614,-11.034266,-7.925216,1163.6353799800982,CLO,LA
32773,-14.017942,-4.639214,1084.5929689177433,MIA,IB
32299,0.16619954,36.97501,276.1540763332039,BCN,IB
34726,6.2688446,-20.365301,1553.3438825760197,NKG,JL
25002,-8.461404,33.741833,454.2716067467222,CMH,FL
16341,5.8847733,19.71987,644.1533689786311,HET,CA
57775,-14.416686,-2.8069084,1051.0278723054914,STL,UA
13781,-11.088739,29.622883,537.169252610054,YUL,AZ
25129,-0.85168916,-24.940287,1567.6171928927777,IND,FL
20772,18.471563,-37.603077,2406.9039632937524,GDL,DL
57110,-1.0480294,-23.450214,1520.2782941240916,MEM,UA
48224,1.9246849,37.69142,124.20083844294838,BOM,S2
32437,2.7196882,-25.192274,1639.5401066739696,CWL,IB
67108,3.7758555,-15.91416,1435.5848942587502,PEK,ZH
7083,-2.1737323,0.712357,1035.0912784581417,CDG,AB
4776,7.5778923,-22.193516,1619.938868381476,BNE,AA
41635,5.025805,-3.0580826,1120.2907991319964,HLD,MU
8173,-13.989371,26.498306,600.3671538332434,YQT,AC
44687,1.8224709,-20.83461,1531.395497254325,VIE,OS
24959,-16.281876,17.51246,727.1756462225052,BWI,FL
16901,5.8285394,1.7230638,1023.6800406850956,SHE,CA
25249,-15.712906,0.8415326,980.5451788294096,MDW,FL
8306,-16.817106,18.85815,706.9286376598799,YWG,AC
67285,4.752509,-3.3369107,1127.3578424166913,TYN,ZH
12926,-2.0396724,-4.138742,1152.168699089402,AMS,AZ
56774,-0.4484017,39.739372,204.45966347758974,IAH,UA
11252,-7.0751133,35.44431,413.0385828130521,TLC,AM
30661,-16.159512,22.183031,664.8915200252204,LAS,HA
67279,6.4344883,5.1265306,952.8186611032575,TSN,ZH
67395,5.743408,-0.29518944,1060.4416338276064,YBP,ZH
61670,17.71521,-37.261417,2363.848835053403,ATL,VS
32556,1.3758969,27.812778,442.296080178436,LCG,IB
42813,4.3537216,30.525692,362.503413455428,DLC,NH
6204,31.910294,-44.34354,3776.959826221359,OAK,AA
43804,5.474379,-4.6636257,1155.5636607329427,MFM,NX
36479,-1.7688086,38.618614,264.35772692163215,AVL,KL
16654,5.7629585,0.94757366,1036.9540192096113,NNG,CA
37579,-15.112111,29.2157,571.4768733428549,BHI,LA
36731,5.150476,-4.9454303,1164.2879828889186,KWL,KL
36294,0.9235799,-19.05662,1471.883107978296,AMS,KL
16855,5.818575,22.52526,584.7736857343847,PVG,CA
11115,-16.64133,19.077927,705.981567521606,MEX,AM
7832,-14.523604,21.70211,664.8045868287678,BOS,AC
32486,-3.2081425,12.156636,776.711191319766,FLR,IB
32786,-2.1352937,-1.7574464,1094.6300447813323,MUC,IB
25293,25.479479,-41.471336,2977.468915724847,MDW,FL
37737,19.39339,-38.94381,2509.027109208039,MIA,LA
16388,6.85537,12.263151,802.191998798633,HGH,CA
66780,11.913366,-34.2811,2071.4970248104228,CTU,ZH
65594,2.0461628,-20.027067,1511.6817092179945,AUH,XY
48537,25.73431,-43.030346,3025.1917054612322,DME,S7
57924,-14.860192,-3.0426128,1051.0278723054914,YYZ,UA
25494,25.588327,-41.838005,2993.492380026288,SLC,FL
9538,-16.316263,3.8377993,929.9351484718935,FSM,AF
60412,-5.2220554,-15.162604,1372.8630605503135,SRQ,US
61062,28.361652,-44.341896,3339.1226366067644,DRW,VA
24984,25.707775,-41.575348,2993.492380026288,BWI,FL
20625,-16.730688,10.749971,819.5156895462861,DTW,DL
25104,17.161325,-37.56013,2355.2220560858295,HOU,FL
32496,8.624347,-32.47076,1919.596050695198,FUE,IB
21573,-17.136189,10.950312,817.2204221283627,PHF,DL
47020,30.490894,-43.72208,3527.5453302409455,NAN,QF
47491,-10.680928,-9.066455,1187.8355870120465,JFK,QR
48230,4.862575,5.581086,944.1705522421904,CCJ,S2
55951,-16.042994,1.9588939,960.0302011052189,CHS,UA
9185,-0.22001427,-17.916517,1423.2435779437833,BEG,AF
18036,15.704171,-38.4234,2332.872009396217,LCA,CY
25326,17.467306,-37.025723,2346.524863666096,MKE,FL
36637,-17.097345,10.728031,819.1739529373724,FWA,KL
20809,-16.64784,10.756471,819.5156895462861,GSP,DL
19372,6.0712914,6.7810388,917.6431084501697,XIY,CZ
9110,-1.1477469,39.379307,236.01323878002455,ATL,AF
16908,20.016197,-40.929565,2594.0087444652154,SIN,CA
19400,4.027736,-9.4079485,1273.042646555984,XMN,CZ
20580,-16.544395,15.448328,756.7409032246061,DTW,DL
32455,-0.42636138,-17.579851,1412.4528493296057,DRS,IB
6401,-8.708691,33.24897,462.6451868615807,PHL,AA
17183,4.251902,-15.446836,1425.3290145384904,XIY,CA
55863,-14.759628,-3.4798043,1056.5249141955028,BNA,UA
18664,5.9827547,12.712708,792.9233570417351,JJN,CZ
56593,-0.33251563,-25.107555,1582.7736444571947,HUX,UA
21453,-13.657769,26.067924,602.6278122568301,MSP,DL
6693,32.880116,-45.927036,4155.895107149773,SAN,AA
6992,-12.455833,27.384396,578.5612058620202,YYZ,AA
16905,4.9490223,-19.16664,1514.6229573363105,SHE,CA
32513,11.200101,-34.80794,2075.8681043880288,HAJ,IB
24856,-5.1115065,-16.274382,1414.206616285568,AMA,FL
48281,3.3908267,-16.734787,1455.51056516763,GAU,S2
24910,-0.52423716,-24.601965,1565.1641469551087,AUS,FL
5148,-16.529688,12.97545,784.3240385024877,DCA,AA
33218,1.2269067,24.471079,563.5850036855309,STR,IG
23757,-1.863392,-0.99202204,1076.3306608602943,DLA,ET
61051,6.712426,-24.871412,1697.6123336271958,DAD,VA
25428,-15.412139,-1.2444736,1016.1594864286737,RDU,FL
59335,-10.194009,32.406425,491.0236711483514,HMO,US
34135,-15.270539,7.1144757,876.2796191238032,AGT,JJ
5952,18.28844,-37.344746,2391.602126430065,MCI,AA
9155,21.197023,-39.77193,2629.0592431444747,ATL,AF
16926,6.722007,-24.892904,1700.4363835998615,SZX,CA
39786,25.561304,-42.294025,3001.1763973292987,ZRH,LX
11580,32.927376,-45.40375,4057.331332747445,BDL,AS
16546,5.1498303,21.691828,602.2546773291372,KWL,CA
37551,-3.7480729,-17.607927,1463.8986536216387,AEP,LA
55972,-15.524999,19.708864,693.6656666196299,CLE,UA
36338,-15.850449,16.816137,734.7556381568949,ATL,KL
33201,-2.205764,-5.133591,1174.4896408013074,OLB,IG
56796,-6.2058825,33.94592,421.33007681421265,IAH,UA
32943,13.846152,-36.307392,2194.5028478472927,TFN,IB
18465,5.7990184,18.736147,665.5527885213314,FOC,CZ
13339,30.750341,-45.101326,3671.363591796625,FCO,AZ
21963,23.733213,-41.316025,2831.3873539610113,YVR,DL
33217,-1.716344,-10.46886,1334.165032140471,STR,IG
9510,-11.341557,30.277481,531.2309701068225,FAY,AF
25527,20.368092,-39.017696,2556.762811981746,STL,FL
25086,1.9818438,-26.939177,1683.7163762434743,FLL,FL
12944,1.4397316,-20.445759,1521.3038023878014,AMS,AZ
20596,-17.033966,11.2244005,814.0240248886098,DTW,DL
37706,30.23851,-44.13159,3534.167441662551,LIM,LA
24942,21.970417,-40.0055,2682.0443525610044,BWI,FL
36545,-16.35222,17.00864,734.7556381568949,CHO,KL
21521,-13.055267,-6.4738994,1118.3988145181636,OKC,DL
25553,0.10661116,-25.624823,1606.904924966231,TPA,FL
5079,-14.537498,-2.8794637,1050.5908192802372,DCA,AA
48402,2.5127778,-26.288721,1673.1452519786355,LIS,S4
18735,27.25137,-43.875687,3213.4492276277942,KUL,CZ
62459,21.42099,-40.873745,2676.981505484677,HER,W2
42084,5.487096,-2.8566084,1111.6862398328788,PVG,MU
56194,-17.773031,9.8356085,830.7559044300104,DEN,UA
8467,-14.860192,-3.0426128,1051.0278723054914,YYZ,AC
36563,6.1221304,10.503386,844.4688372455315,CTU,KL
66626,5.851818,23.46727,560.938185529102,BAV,ZH
4674,12.674539,-37.50486,2159.5811360559833,AKL,AA
50592,4.710177,-3.9452522,1137.661658482279,SIN,SQ
5146,-7.869438,-12.301749,1270.8416164455932,DCA,AA
32435,-3.2821438,12.154947,776.711191319766,CTA,IB
25060,-4.838806,-17.633623,1459.7574704866897,DEN,FL
16193,4.1582556,-12.111698,1344.189068547751,CTU,CA
57571,29.076258,-43.39224,3369.8311595403798,SAL,UA
37822,17.58166,-38.112366,2381.382322111127,USH,LA
42412,5.0163155,3.047342,997.8822900667134,URC,MU
52678,2.1065564,27.77082,447.63480037445703,KCM,TK
66991,4.444081,-11.4702015,1326.9496591421123,KWL,ZH
59804,-16.785173,1.7273792,960.932110639473,MRY,US
57163,-16.04744,20.441532,685.6391520832301,MOB,UA
11880,-13.03206,-7.767173,1139.604532163449,SAF,AS
11257,-13.014135,29.115013,561.2385249824304,TRC,AM
16067,5.6223116,23.687078,559.2516288727064,CAN,CA
39709,14.888876,-37.09294,2255.432940808634,RAK,LX
66751,19.45176,-40.81335,2554.648681358448,CTU,ZH
16369,4.6460896,-16.601952,1466.0329357680985,HGH,CA
50548,26.612537,-43.525826,3141.4043236742173,SIN,SQ
16471,5.995901,20.439182,630.8742732233495,JJN,CA
19050,10.420766,-31.87371,1964.2467452857277,SHE,CZ
52811,-1.3485526,-7.4836407,1228.6007958967095,SAW,TK
66628,13.047537,-37.149723,2173.9833985777423,BHY,ZH
16968,3.791468,-15.124124,1413.3433384650837,SZX,CA
44283,1.6003674,-20.428877,1520.3497219597673,MXP,OA
13218,-2.0020804,-2.952945,1124.672270742495,CPH,AZ
56890,-13.624991,-5.080328,1091.9439891857317,JAN,UA
20017,-0.8841184,39.040733,234.66539121322728,ABY,DL
44295,-2.3676777,17.038305,638.2460155252529,SKG,OA
25536,-14.149752,-3.970993,1072.0271708606144,STL,FL
36870,-11.959191,30.239275,538.9808414561131,PTY,KL
25455,-8.276158,-13.0978,1279.939352021267,SAT,FL
20702,-15.375582,18.624575,706.9022202298959,DTW,DL
20775,9.933639,-35.52099,2059.1318702120207,GDL,DL
8198,-16.820683,12.998434,784.3240385024877,YUL,AC
44221,6.556001,-29.80781,1780.4788850441985,ATH,OA
9784,3.3763597,-21.560467,1574.08941437622,NBO,AF
17134,6.0101914,15.448323,730.1456128126853,WUH,CA
50923,1.3729011,-20.85993,1528.476972284757,LED,SU
48387,25.45699,-42.49283,2998.306205679887,LIS,S4
34771,6.504224,-21.958025,1602.0659146723713,NRT,JL
9942,13.866608,-37.844566,2238.4901127903154,SHE,AF
32847,-2.986538,6.7488227,894.6680550472439,OVD,IB
24972,27.88517,-42.60518,3209.737057716284,BWI,FL
59004,-12.475793,27.395275,578.5612058620202,DCA,US
61504,5.949685,-22.466784,1611.383600161342,MNL,VN
24941,-5.344983,37.22228,358.7231942159813,BUR,FL
21336,-16.823069,19.314342,702.0665442546602,MSO,DL
11243,-16.073801,-0.34357247,997.709661061323,TIJ,AM
18783,6.0959005,11.538391,819.279071587848,KWL,CZ
43966,19.536554,-38.366886,2500.0015342760353,MEX,NZ
18302,6.1321945,7.514357,902.5763046441299,CKG,CZ
67263,4.7097516,-7.88329,1231.471871103595,TNA,ZH
24936,-5.296419,-15.524718,1381.5097114794833,BOS,FL
43249,5.765069,17.057041,697.0585014063013,SZX,NH
46862,19.825317,-40.913494,2580.1695079188175,DPS,QF
41840,4.0868115,30.40832,366.3011840531172,LHW,MU
21259,-16.948753,15.799474,754.2830175024089,MEM,DL
20674,-6.21103,35.983368,390.9284656968129,DTW,DL
18306,6.314382,16.462923,711.902745980092,CKG,CZ
38127,10.26668,-33.491493,2003.4247501787597,DUS,LH
60038,-16.757278,9.465056,841.2433642596627,PHL,US
36663,5.558412,-21.465569,1580.222375387982,HGH,KL
32293,-2.7023315,16.744314,650.5302794251785,BCN,IB
25604,5.498348,-3.363986,1124.9368402242437,HKG,FM
32292,10.285271,-34.260246,2031.89217725496,BCN,IB
11198,-13.253236,28.342567,573.9559390848958,QRO,AM
12965,-1.9838041,-9.014399,1275.9572254700688,ATH,AZ
20556,-15.996468,19.816854,693.3019022439971,DFW,DL
37554,-14.4151125,0.5214912,994.7972759296938,AEP,LA
36272,-3.3870294,13.743979,733.2666987433628,AMS,KL
35831,31.55417,-45.92492,3879.8353798056573,VIE,KC
4782,3.6264365,-13.614821,1380.8541114328675,BNE,AA
56885,-17.235939,3.6871655,928.3622138898288,ISN,UA
42281,5.9878564,17.740223,681.6998865901085,SJW,MU
32488,-2.3520932,-8.94004,1270.9016140085373,FLR,IB
21253,-17.515783,5.5186615,899.3461760163586,MEM,DL
16630,7.0472207,-25.38305,1721.674683288698,NKG,CA
18656,5.9959006,20.43918,630.8742732233495,JJN,CZ
21184,-11.474841,30.273977,532.8097355264268,LNK,DL
10960,17.74243,-37.709496,2377.595727368645,DTW,AM
38431,-16.87819,8.223466,859.0311610793252,IAD,LH
57121,-1.1232681,-24.519108,1546.855483519716,MFR,UA
17237,5.0652614,22.753801,576.276378294366,YIC,CA
52383,-2.5023518,13.486196,737.0707137440781,ESB,TK
11161,-13.119996,29.165487,560.899051306406,MXL,AM
19393,4.251902,-15.446836,1425.3290145384904,XIY,CZ
31329,5.0394998,-2.1716828,1098.0774830323442,HKG,HU
56705,-1.2721796,-24.28383,1537.7635936407623,IAH,UA
18678,12.127746,-33.98667,2072.3210112141,KHN,CZ
43258,7.2185135,-23.18495,1648.781114656295,TNA,NH
16895,6.829117,-21.811253,1602.0659146723713,SHE,CA
57867,-15.470742,18.221785,713.7191020905158,YQB,UA
20762,-16.316263,3.8377993,929.9351484718935,FSM,DL
37970,-1.6741058,-7.1090074,1217.6044811215927,ADD,LH
21591,-11.94916,29.275427,550.236657283016,PIA,DL
20287,-15.45277,20.427961,684.1547329332143,AZO,DL
16836,5.8239202,20.898346,622.3734706464311,PVG,CA
18662,6.0973334,14.098976,761.0684516414916,JJN,CZ
4206,4.8216476,5.199708,954.7003987489097,RPR,9W
52352,1.7053889,24.434214,558.8544611430976,ERC,TK
20318,-5.2024894,36.30411,370.2622429178884,BNA,DL
57171,-7.457948,-12.574313,1282.347965496936,MSN,UA
66886,5.1217933,20.244448,633.1013818811973,HMI,ZH
24981,16.039492,-36.412178,2261.964863255576,BWI,FL
25296,24.316685,-41.288223,2873.9653160979587,MDW,FL
13762,-3.2822382,11.2774725,800.5265655874009,VCE,AZ
61732,17.433926,-37.545193,2363.848835053403,GDL,VS
25157,-13.1547,29.595316,555.7823237941758,LAS,FL
56966,2.086929,-28.251905,1732.683535071207,LAX,UA
57592,-11.858716,-6.9708695,1140.636094136278,SAV,UA
67404,5.657579,16.29394,715.2753582314349,YCU,ZH
6512,-16.332863,10.190983,829.6710307751488,PHL,AA
20912,-15.785223,0.1710347,989.240564658474,JAX,DL
9065,-12.408049,28.511013,563.5671813013656,ATL,AF
11023,-17.661587,6.7413487,881.1075124149638,LAX,AM
33219,-2.428319,4.1245785,954.9763341028345,STR,IG
7274,-2.0670981,-10.110656,1316.8908294960015,GRZ,AB
50232,27.416256,-43.37736,3208.608791885626,BRU,SN
12961,-2.179047,-4.197065,1152.168699089402,ARN,AZ
11038,-6.8197904,36.009098,399.94823505503666,LMM,AM
36157,-12.834861,-6.0047674,1113.7519369386584,ABE,KL
5704,-11.179053,-10.323524,1205.2621757948934,LAX,AA
25240,5.562837,-31.466722,1800.933210297584,MDW,FL
18741,5.901207,18.974493,659.8282918730735,KWE,CZ
52857,-2.4487307,6.068206,907.8907455444179,VAN,TK
42251,6.050184,5.593334,942.9941273611962,SHA,MU
67017,6.297987,3.3700724,989.8663579452966,NDG,ZH
17209,4.467584,-11.220272,1320.9903551816208,XMN,CA
8278,-12.585801,-8.453539,1150.5890369754977,YVR,AC
57859,8.810199,-34.29217,1988.5251905984135,YHZ,UA
16451,6.096652,-24.07014,1659.5035449056684,INC,CA
32264,-2.2769256,-8.083899,1241.1362442046454,BCN,IB
7981,-15.0921755,21.066011,673.409066903552,MKE,AC
5821,1.0752013,-19.617386,1489.5495862621042,LHR,AA
66660,5.190298,-5.4384084,1175.5994647125094,CAN,ZH
41920,4.0623074,-11.196807,1321.5619905776418,NAY,MU
66696,4.3357654,30.544983,362.2718026033478,CHG,ZH
50099,3.0340536,-23.358332,1604.2563709437868,OSL,SK
37727,15.4957285,-36.24155,2243.0323844181694,MDE,LA
44024,29.53592,-43.928406,3434.718035567292,SFO,NZ
61170,9.73833,-32.271126,1947.327511915528,PEW,VA
25123,-16.599628,3.964474,927.0838177303234,IAD,FL
11017,-17.709251,10.252009,825.6956616024012,LAP,AM
33180,-3.2685418,9.597051,838.5414125908551,MXP,IG
25506,-17.495676,14.89829,772.6263200638984,SMF,FL
25478,-16.772175,0.88671863,975.089316263444,SEA,FL
9040,-15.850451,16.81614,734.7556381568949,ATL,AF
32533,17.29299,-38.73201,2400.148623547651,IEV,IB
9458,-11.506076,-7.9174156,1158.0263834002933,DAL,AF
32251,-15.916093,2.0097766,959.0645602676874,ATL,IB
67081,3.9607244,-12.078871,1342.9678990490588,PEK,ZH
16128,5.775138,-0.7479875,1068.426719275067,CGQ,CA
52782,1.7206936,23.931162,578.62229738217,SAW,TK
56889,-12.786841,28.732225,563.8363078937957,JAN,UA
67130,6.1144686,4.673172,962.0634526720144,PEK,ZH
41925,5.855534,17.275978,691.7166146247383,NAY,MU
41551,5.8504863,23.53778,560.1316464899893,FUG,MU
10973,-17.839962,10.1935425,825.6956616024012,GDL,AM
42391,4.6667056,31.089108,337.1164683966046,TXN,MU
11934,31.895895,-45.53274,3886.637904486668,SEA,AS
16478,5.0558324,26.281418,497.6002451616746,JUZ,CA
19407,5.9058304,15.384231,730.8929035378526,XMN,CZ
38390,-4.10135,35.64291,359.10047584307887,GRU,LH
16101,6.534102,10.473316,844.9896016343226,CGO,CA
25004,-15.093598,22.481924,657.4167204673972,CMH,FL
36410,-0.7927077,-23.661736,1531.067789453141,ATL,KL
55924,-5.8112392,-15.132658,1366.1460881176113,BUR,UA
38422,7.097869,-30.344147,1817.8173947989692,HER,LH
17145,5.4717965,-21.234922,1572.1620467373666,WUX,CA
66964,9.350674,-30.47749,1883.4802656945753,KMG,ZH
6659,-16.266785,14.828249,762.3184387655328,RIC,AA
19008,6.4732885,14.131469,761.0684516414916,SHA,CZ
36558,0.7078078,40.035896,133.36375513525203,CSG,KL
37805,-6.748184,-12.0086355,1275.9691655813315,SLA,LA
32481,-2.370532,1.0538005,1027.7281405788285,FEZ,IB
24982,-17.017399,12.208957,794.6538238957302,BWI,FL
25304,-13.189861,-5.189053,1100.2998227639982,MEM,FL
32235,-2.3000343,-8.06225,1241.1362442046454,AMS,IB
67074,6.38834,5.2021866,951.6064726126216,PEK,ZH
20505,-12.613418,-6.791218,1129.0632517044196,CVG,DL
46116,3.9055214,-9.691775,1277.9933840784886,CAN,PR
17203,5.3979855,0.9396375,1036.9540192096113,XMN,CA
40492,1.4397304,-20.445753,1521.3038023878014,AMS,MH
20907,-12.277777,28.128345,567.2908403266033,ITH,DL
6708,1.179917,-27.753115,1692.2473795404437,SAN,AA
9583,-13.8553095,25.881538,605.8847963590904,ILM,AF
17275,6.553968,13.514138,773.672002394458,ZUH,CA
16972,4.2177286,29.784832,389.81199828406756,SZX,CA
25360,29.243286,-43.517822,3387.1297073668366,OAK,FL
58961,-5.875975,35.145607,399.62924890611106,DCA,US
56515,1.2395794,-27.248661,1678.8989416800464,GRR,UA
41915,7.0244246,-25.249096,1717.6348128772295,NAY,MU
67422,3.960938,-9.963195,1283.2188628290398,YTY,ZH
6508,-16.656021,6.086998,890.8033931729344,PHL,AA
56409,-15.260284,-1.0395468,1014.2735394312516,EWR,UA
25299,-16.938791,3.234327,937.5056831879097,MDW,FL
52387,1.8489163,23.81996,581.8602440392095,ESB,TK
17135,5.8257737,22.04395,597.237591674791,WUH,CA
11001,-12.491845,-7.416597,1140.4210858869083,HMO,AM
52327,-2.1139977,2.6178315,992.9242248335942,DIY,TK
67158,3.9161794,-11.446516,1326.9496591421123,PVG,ZH
13376,-3.206528,14.197731,717.9564741660643,GLA,AZ
36616,9.5699625,-35.066525,2037.5353134631782,EZE,KL
37582,-16.68629,20.262554,691.6065123759528,BOG,LA
13125,-3.0351202,37.866505,307.5885579580446,CAE,AZ
36984,-1.7541342,-23.499134,1504.0149497641373,YYZ,KL
9679,1.3214346,25.70059,517.4295941758219,LYS,AF
41698,4.2893248,-16.024075,1442.5020936913688,JMU,MU
8458,-16.671347,7.3948817,870.2491911660526,YYZ,AC
18896,5.7629585,0.94757366,1036.9540192096113,NNG,CZ
10914,-4.1006145,37.692013,329.19180088346644,CJS,AM
42907,6.786892,11.463628,821.3538137107515,HND,NH
16452,5.0474424,-3.9333277,1137.130417067756,INC,CA
32366,7.4223957,-31.436045,1859.3652056250376,BIO,IB
13498,2.3953183,-25.244364,1633.8290186913946,MAD,AZ
44658,-2.2044632,1.2397373,1023.8758824117407,SUF,OS
60276,-15.262124,24.94307,629.6190531734105,RNO,US
13730,-2.8142686,6.28592,901.8735568493307,TRN,AZ
9916,-12.77541,27.876133,575.0017892715338,ROA,AF
6741,32.24289,-45.880573,4005.5088356419633,SEA,AA
67396,7.146943,-23.888859,1667.6962195562533,YBP,ZH
16346,5.2396474,23.552202,559.9719289865333,HFE,CA
56776,-3.6600537,37.537903,323.5753334501604,IAH,UA
19392,4.3910103,29.378294,406.4487761881182,XIY,CZ
9876,-17.136414,10.950382,817.2204221283627,PHF,AF
60223,-17.187016,6.1786523,889.0793631073735,PIT,US
48552,10.178847,-33.509518,2001.080073580958,DME,S7
32902,-3.1417398,7.1273174,883.2522869101415,SCQ,IB
57927,-1.4927529,-23.904848,1522.2312773321541,ZLO,UA
16888,5.4227815,-3.6134756,1129.731325372212,SHE,CA
7864,-15.574544,17.29092,728.2519715279352,DCA,AC
13751,-2.5892618,5.418058,921.8416302901187,VCE,AZ
34555,6.3902397,7.3535376,907.3007640411715,HKD,JL
34775,5.8131046,-2.586862,1102.927580301865,NRT,JL
5073,-16.420588,14.613228,765.7212635670636,DAY,AA
52852,1.6293211,23.8823,581.8602440392095,TZX,TK
50029,1.1729027,-17.993881,1449.6289674457296,MBA,SK
10023,-2.2006333,-1.3900256,1085.9033493587308,VLC,AF
53796,1.2982126,-24.047058,1589.052331100375,OPO,TP
50899,6.437936,-29.683443,1773.4333621165308,LED,SU
32339,-3.4240506,10.755764,810.8936605799021,BCN,IB
32210,-3.5628405,12.5339155,768.2318493941316,AGP,IB
55803,-10.00752,-9.357935,1199.3163539241525,ATL,UA
6511,-13.386419,25.544966,607.0884895838692,PHL,AA
21950,-15.750661,18.726828,706.9022202298959,YOW,DL
11735,-12.732015,30.253782,543.1892787392358,LAX,AS
16472,5.6816974,17.772314,681.8738390374103,JJN,CA
18426,4.5777307,31.472176,317.226671924866,DLC,CZ
59257,-0.55155325,40.419178,192.07030247271354,FLG,US
20715,-9.634272,31.893942,491.7696585239688,ESC,DL
3971,24.13918,-42.494656,2883.615083896108,BLR,9W
5965,33.00827,-45.570095,4104.686595514186,MCO,AA
34507,6.2206435,22.793806,578.3801693372764,CTS,JL
39762,21.761564,-40.695023,2688.0863256636267,ZRH,LX
66839,4.3221803,-10.395332,1295.7580182343427,GYS,ZH
42207,5.6285434,21.542393,607.5466729335096,SHA,MU
25569,-12.408323,-8.788585,1160.0332043857309,TUS,FL
25525,-14.031197,25.347996,614.1927307085582,STL,FL
10968,-15.987865,-1.0047313,1010.9375662213475,GDL,AM
51252,-1.2026627,-2.4286823,1113.7348699818635,BAH,SV
57491,-5.926901,-15.3537245,1369.5283587476922,PSC,UA
56739,-4.7157345,37.02721,349.08429058076035,IAH,UA
16643,5.1079984,24.772406,531.9367548521147,NNG,CA
56186,-9.944359,32.489697,488.1050440460577,DEN,UA
9869,18.670713,-38.53247,2457.0402754190354,PAP,AF
20527,-16.437637,6.726355,881.7963472592369,DAY,DL
67082,6.192057,-21.916014,1598.5262266818463,PEK,ZH
52376,1.9792924,25.968494,507.550110610063,ESB,TK
56770,-6.8148375,-13.56391,1312.0444371990816,IAH,UA
13757,1.5319204,27.53669,455.54635691795426,VCE,AZ
17272,4.3774114,29.782461,389.81199828406756,ZHA,CA
5487,-6.123662,35.388992,399.0390135031958,GSO,AA
32449,31.338726,-45.374557,3793.543994382027,DME,IB
55763,-14.473386,-5.3321056,1087.572891707425,ABQ,UA
40528,6.3284154,16.87832,703.3573400896196,BKK,MH
19402,5.1415343,-20.452183,1548.858864488975,XMN,CZ
24993,-10.419923,-9.556992,1199.4052065652356,CHS,FL
67069,4.724562,30.576193,362.2718026033478,PEK,ZH
40500,3.2598178,30.239244,380.6524263288293,AUH,MH
60963,30.227835,-45.35142,3619.477314781584,AKL,VA
16944,4.7015777,-3.9699943,1139.4861454234963,SZX,CA
5023,28.163464,-43.753178,3300.109724333543,CMB,AA
25471,-5.6489525,-16.067865,1395.1092057509343,SEA,FL
44276,6.8251643,-29.59461,1780.4788850441985,LYS,OA
38082,-1.8124278,38.018238,279.31232849505204,CLO,LH
64625,-14.017942,-4.639214,1084.5929689177433,MIA,WS
4325,7.5728292,-30.598078,1840.914536739888,CPH,A3
33639,1.3865869,-14.480109,1372.1609887467941,BAH,IY
16924,8.904604,-29.705969,1837.5540423327445,SYX,CA
59498,-4.5950465,37.704494,336.732271981143,LAX,US
6762,-14.320959,-5.7953787,1093.0595602394146,SEA,AA
25252,-16.0547,3.3025742,940.1483238745559,MDW,FL
34826,4.6454897,-10.633244,1303.389002951669,SHE,JL
24966,-16.050554,0.73159677,980.5451788294096,BWI,FL
25381,-1.3914658,38.519897,256.89032415718333,ORF,FL
67143,6.269002,8.682982,881.5695395593258,PEK,ZH
25117,14.274533,-35.345577,2179.732267154055,HOU,FL
48299,4.0629635,32.20762,276.1240903760275,IMF,S2
33109,3.3278818,-25.67514,1670.0090529248305,CTA,IG
42485,4.661975,-9.589729,1274.6808344421788,WXN,MU
25466,-16.715292,12.224135,794.6538238957302,SDF,FL
11136,-0.7880269,40.005592,209.62123500789508,MLM,AM
32878,-2.4240143,2.133698,1002.6847625170093,PMO,IB
56101,-5.73054,36.864582,370.2002477552185,DEN,UA
21633,-17.686808,9.159643,844.021117240422,RDM,DL
5579,19.029375,-39.63727,2513.0891358999725,IST,AA
32369,-2.18101,-4.2164793,1152.5110769216717,BIO,IB
16550,4.5091157,-8.119945,1236.6558214394172,KWL,CA
39716,26.227894,-42.703278,3062.6157671469127,TFS,LX
60131,-13.978323,23.946814,634.4819861279402,PHL,US
13543,-2.1497316,0.12585919,1049.07350333302,MXP,AZ
20812,-17.344458,16.445585,745.8621439513569,GTF,DL
5655,0.42484838,39.37218,180.72830943076053,JUL,AA
16788,4.321856,30.523003,362.55308589573474,PEK,CA
25509,-5.8916206,-14.958445,1359.6857144946507,SNA,FL
42812,4.6615844,28.408546,442.54572704468563,DLC,NH
8975,-17.009642,11.765394,803.641253202455,AEX,AF
33208,-2.5365143,3.7436287,964.0014007514633,OLB,IG
57156,-0.11393019,39.84255,190.14804041566674,MKG,UA
16659,10.272843,-31.661665,1955.626802116394,NRT,CA
32491,-2.405679,2.911347,984.9844156652781,FLR,IB
6346,-9.937767,-9.470357,1200.652474130089,ORD,AA
48356,4.1911025,-2.0866294,1103.0440191020484,VTZ,S2
36906,29.308743,-43.67376,3397.642005873093,SJC,KL
32651,22.724018,-41.31572,2768.161557483844,LPA,IB
37575,-16.865978,20.320074,691.6065123759528,BAQ,LA
62494,12.75155,-35.84325,2145.455182487451,VNO,W2
25328,22.51672,-40.217827,2719.289788813939,MKE,FL
57818,8.362317,-33.584595,1950.7682271580256,TUL,UA
6646,-12.063255,-9.101556,1170.5636780751493,RDM,AA
55771,-11.724975,-8.010467,1156.3400696059002,ACY,UA
52362,-2.5316174,13.296212,742.588286572025,ESB,TK
56795,-8.286128,-12.234425,1263.7117426556288,IAH,UA
32381,-3.2368886,14.835101,701.1540872739412,BIO,IB
53985,16.531015,-36.935497,2301.333360799691,VRA,TS
37550,-16.614166,23.49143,649.1310680002375,AEP,LA
48195,4.561904,-1.1422683,1077.956338195818,BLR,S2
19188,5.7290483,19.719288,644.1533689786311,TNA,CZ
24253,-10.372166,-9.648193,1200.652474130089,YUL,EY
32630,0.81196076,-18.987509,1469.6046805608325,LHR,IB
6377,-6.432647,-14.734776,1343.0896596192863,PDX,AA
5140,-5.276007,-15.172459,1372.8630605503135,DCA,AA
57541,6.614173,-32.38527,1859.9636103091082,RIC,UA
32979,-3.1179988,7.0846252,893.3415363056465,VGO,IB
48589,33.21406,-46.50098,4463.664553984818,HKG,S7
40930,4.161612,25.91772,505.61001653422,CMB,MJ
37641,9.433667,-34.27831,1995.77314293956,EZE,LA
9611,5.6919036,-0.7301476,1068.0981305287535,KMG,AF
11895,22.921555,-40.713108,2768.0678132249413,SAN,AS
44638,-2.364568,3.275646,976.7260609028665,OLB,OS
52360,-2.684416,8.780295,856.9528512953121,ESB,TK
25244,-8.483735,-11.427685,1246.4232333020034,MDW,FL
17018,4.7100887,-7.8833995,1231.471871103595,TNA,CA
43967,26.207031,-41.720394,3028.4206604523524,MEX,NZ
48680,6.7630653,-24.126755,1671.6760572188814,OVB,S7
16519,5.360368,-19.794758,1534.3372232268869,KMG,CA
32328,-2.9560297,15.949272,673.1009779737425,BCN,IB
21319,-13.238907,26.375044,598.6146346609091,MLI,DL
66936,4.3453107,28.083088,447.7827190056322,JZH,ZH
32206,-2.2883956,-5.8393636,1189.1622329626973,AGP,IB
57325,-17.267134,6.148414,889.4106435334303,ORD,UA
23846,1.7039033,28.18255,433.94603789697845,LBV,ET
32291,-2.0562866,-1.739865,1093.614444344243,BCN,IB
42242,4.262583,31.10114,337.1164683966046,SHA,MU
10850,-10.473404,31.633516,505.6835283252334,AGU,AM
32439,-2.2479875,-6.2430725,1196.8184782410137,CWL,IB
66653,5.629708,3.1175573,995.2802378565043,CAN,ZH
18477,5.9405246,21.572374,607.5466729335096,FOC,CZ
59667,-13.144911,26.340693,598.9125601184202,MGM,US
16954,14.537917,-38.338516,2296.911627775976,SZX,CA
17193,6.6074305,11.984759,808.6999825505479,XMN,CA
57250,-14.158796,27.817156,584.783795730838,ONT,UA
35634,10.767979,-32.278053,1988.6120645732933,HKG,KA
56510,-2.089384,38.930023,266.9444885816067,GRK,UA
50611,-10.486074,32.266727,495.7300070374313,SJC,SQ
57319,-2.464424,38.396835,286.62458967813103,ORD,UA
13044,-1.1791762,38.79113,245.0036876563786,ATL,AZ
52690,-1.8907362,-4.607234,1162.7019658155143,KSY,TK
52673,24.045189,-40.297855,2807.7346339171268,JUB,TK
64631,-13.599142,-4.418547,1084.5929689177433,MSY,WS
17171,6.213498,3.4700103,988.1357534999472,XIY,CA
9880,-16.947735,4.8007693,909.7134603806975,PIA,AF
43204,5.243982,-20.762619,1556.063649536712,PEK,NH
25206,1.7211573,-27.250221,1686.8482892069096,MCI,FL
18618,4.5545845,-8.45843,1244.0837575675537,HSN,CZ
8003,9.069367,-34.06525,1988.5251905984135,ORD,AC
4779,3.8078852,-13.918715,1391.1220248734105,BNE,AA
16987,5.9274855,15.848782,723.1571733449769,TAO,CA
16639,6.2398996,8.975095,877.1834213427495,NKG,CA
17727,25.978603,-41.787228,3013.405141587072,SEA,CM
20681,-13.900321,25.188772,615.1989444347769,DTW,DL
56824,6.81345,-32.13374,1859.9636103091082,IAH,UA
47308,6.5026946,18.103552,673.5405578080735,BKK,QR
64875,-13.925472,-5.04454,1088.9382964057882,YYZ,WS
66831,6.025535,-22.012465,1598.5262266818463,FOC,ZH
16652,5.5382385,-1.6549581,1088.4979407839196,NNG,CA
6742,-1.912328,-23.911465,1509.6356444261417,SEA,AA
20490,-16.150705,4.6510615,913.8601575616516,CVG,DL
37626,-7.670242,-12.804403,1284.3579889788325,CUN,LA
67286,6.7869983,12.888447,788.3899155573183,TYN,ZH
21655,0.8254585,40.46339,107.06896587805193,RHI,DL
44243,1.4470257,24.375343,564.1522802266165,CHQ,OA
9030,-5.4670906,35.7827,383.5535197981502,ATL,AF
20189,-16.573284,18.010887,719.8329698416734,ATL,DL
25091,-6.2553973,-14.576457,1342.9195628748057,GEG,FL
56364,5.736643,-32.125996,1819.7552438970686,EWR,UA
8318,-16.275778,18.806768,706.9286376598799,YXE,AC
32657,1.1268203,24.868132,548.6324974283641,LYS,IB
56488,-1.6620712,39.127968,251.6273168935234,FWA,UA
57832,-9.141311,-11.313263,1240.5231912635352,TYS,UA
19386,6.274805,6.419366,924.6394547008018,XIY,CZ
20432,-8.598202,33.528393,457.80084921827876,CIU,DL
10924,-15.348414,24.1381,636.4221502156267,CUL,AM
13064,25.715832,-43.077976,3024.695274292971,AUH,AZ
16548,6.223344,4.255522,968.3409251399753,KWL,CA
20502,-10.48782,31.160433,511.10651644979976,CVG,DL
43212,6.424917,2.3137462,1006.5206021388301,PUS,NH
45643,3.2598178,30.239244,380.6524263288293,AUH,PG
67281,5.8713875,6.371545,924.6394547008018,TSN,ZH
36968,-11.068005,-9.377475,1186.843015132446,YEG,KL
66971,4.1395054,-12.692732,1357.9576379527423,KMG,ZH
42946,-16.87819,8.223463,859.0311610793252,IAD,NH
25142,-14.189073,-3.787866,1068.0322639837673,JAX,FL
13380,-2.3522842,4.539741,946.0076460631807,GOA,AZ
6928,-15.439289,19.035168,701.5800116829602,TYS,AA
46853,10.991589,-36.39934,2150.7933863491467,CXI,QF
19326,6.0048084,12.724824,792.9233570417351,WUH,CZ
9705,21.985239,-40.59262,2697.4628817813104,MAO,AF
67294,14.919887,-38.404354,2313.1532472978124,URC,ZH
34812,6.282779,15.786574,725.3264251602993,PVG,JL
33193,-1.9110084,-9.673504,1300.27191061507,NAP,IG
67295,11.987097,-34.111958,2071.4970248104228,URC,ZH
19356,5.109611,-5.6595197,1180.4833542257961,WXN,CZ
5532,-5.175901,35.948517,375.7305865774034,HPN,AA
25277,-15.6851635,20.80939,679.4401612259048,MDW,FL
61664,-11.891148,-8.243615,1158.0263834002933,ATL,VS
42728,3.2719083,-9.594424,1281.541039567221,VLI,NF
43213,4.0817733,-16.604519,1461.2107347843462,PVG,NH
13783,-4.360318,36.858345,343.97365255127653,YYZ,AZ
25246,-14.703658,23.893148,636.3291442642529,MDW,FL
25093,-17.170805,5.101317,905.0053342261376,GSP,FL
36961,5.3436127,20.808508,622.7660519319492,XIY,KL
43205,4.7939425,28.419409,442.54572704468563,PEK,NH
19428,5.541168,-20.770658,1557.7760775348488,XMN,CZ
48345,4.8216476,5.199708,954.7003987489097,RPR,S2
11980,-12.634939,30.185001,543.1892787392358,SFO,AS
16161,5.381427,-3.617913,1129.7435924313017,CKG,CA
40968,3.6223724,30.762056,357.12997516188005,TRV,MJ
37617,-8.431461,32.675907,463.6415206729853,CLO,LA
11101,-0.79236096,39.894863,212.5063997725279,MEX,AM
66670,5.4017544,-0.26735938,1060.4416338276064,CAN,ZH
25204,18.485535,-37.567795,2406.3504996457586,MCI,FL
20635,0.5363578,40.595722,119.16635802872096,DTW,DL
7865,-16.529688,12.9754505,784.3240385024877,DCA,AC
6781,19.522709,-38.543556,2503.6011471694546,SFO,AA
59793,-12.835874,-5.514497,1108.1397811183788,MKE,US
48566,12.061899,-35.112785,2098.1697369452195,DUS,S7
56591,-16.445374,2.0694315,956.3629597931964,HSV,UA
24853,6.203241,-31.635519,1821.0126873139563,ALB,FL
18862,4.7251253,-6.123068,1192.2508127533345,NKG,CZ
10912,-1.2604773,40.09046,223.68390555831874,CEN,AM
18842,6.660074,-22.516205,1619.0875330527128,NGB,CZ
32383,2.201309,-22.822908,1579.9220122079694,BIO,IB
24983,19.589077,-39.192463,2524.5116961829854,BWI,FL
8397,-14.985211,-1.9450783,1031.947841462355,YYZ,AC
20888,0.6446061,40.66392,107.06896587805193,IMT,DL
62441,28.431704,-43.859768,3325.9559708229176,ARN,W2
8317,-11.23949,-10.289804,1204.6366702940222,YXE,AC
25259,-16.558975,5.2791505,905.0053342261376,MDW,FL
24852,-11.821386,-7.70318,1151.5979281399484,ALB,FL
32838,-0.4169537,-17.881498,1423.4299681062662,ORY,IB
21200,-16.638557,16.396336,743.5444696090543,MBS,DL
67304,6.5463233,-24.027855,1665.040268434446,WNZ,ZH
34827,6.829109,-21.811262,1602.0659146723713,SHE,JL
36790,-1.0013207,-23.881634,1531.067789453141,MHT,KL
44277,16.655556,-38.629604,2377.1327848380047,MAD,OA
32325,-3.2870123,14.359511,714.2352201762066,BCN,IB
9098,-17.397522,11.445434,808.7514007543349,ATL,AF
32800,-3.211354,14.346423,714.2352201762066,NTE,IB
8315,-5.797342,-15.602503,1377.4852521933265,YXE,AC
66778,5.6295533,-20.134878,1545.5946911038232,CTU,ZH
36344,7.262692,-33.05742,1902.5379334175634,ATL,KL
16502,4.4702945,-17.518059,1482.9691651171722,KMG,CA
37686,19.557793,-39.231506,2521.725694600088,LIM,LA
5086,-16.930468,9.5198345,840.2055686152863,DCA,AA
18379,6.2366147,-21.207281,1580.222375387982,CTU,CZ
16056,5.3394017,-4.160549,1142.3344117368486,CAN,CA
32547,24.159203,-41.81068,2873.289474030176,KBP,IB
16894,4.8034377,-5.3525023,1174.6886943129216,SHE,CA
42789,6.81208,10.715,841.303265382003,CTS,NH
9539,-17.097345,10.728031,819.1739529373724,FWA,AF
52728,1.9188191,26.471594,493.89099358066727,MLX,TK
32326,-2.0856447,-4.0242133,1149.562230471462,BCN,IB
8133,-15.854698,17.353783,728.2519715279352,YOW,AC
6794,32.78375,-45.018337,3964.5581946341845,SJC,AA
19367,4.2410593,-14.849246,1410.8998118914026,XIY,CZ
66697,4.2967825,31.64475,308.5773388864487,CIF,ZH
50573,29.798931,-44.867184,3538.0741179760607,SIN,SQ
5531,-16.545244,5.1199937,907.0741798698338,HPN,AA
32360,-3.2758918,8.878603,856.5296912872802,BCN,IB
17093,20.368992,-41.074898,2621.9928779586567,URC,CA
59376,-16.43888,2.8466072,944.6655293613745,ICT,US
57504,33.098083,-47.014133,4845.358011109405,PTY,UA
17139,5.964203,18.337023,672.2703799692479,WUS,CA
41905,6.387038,-22.622711,1620.2010218184305,MIG,MU
25459,1.4927762,-26.808136,1672.2324530639405,SAT,FL
32193,18.269098,-39.408474,2471.5442609827196,AGP,IB
32829,-2.1223683,-1.9110755,1098.264554653815,ORY,IB
13514,29.040474,-43.353607,3365.336724937299,MEX,AZ
21638,-12.87846,27.298882,582.4932818853749,RDU,DL
57678,-16.165556,22.270334,663.7826361770799,SFO,UA
64584,18.364353,-38.363308,2432.2523003751626,DFW,WS
13073,2.9064476,27.83335,452.4397768679105,BAH,AZ
57607,-15.842482,17.613714,724.7815514079377,SDF,UA
52022,2.0238056,32.39299,324.7076176933954,BGO,TG
32835,-2.3998501,-6.43456,1200.8962099576318,ORY,IB
6213,32.12364,-45.029842,3866.149177336944,OGG,AA
25167,-5.6405644,-15.815536,1385.1392038077977,LAX,FL
32265,15.773506,-37.844185,2314.922296302133,BCN,IB
41936,4.684502,-7.122952,1214.824694565833,NAY,MU
32259,9.367709,-33.496933,1974.1262423414275,BCN,IB
50495,15.14247,-38.67946,2326.882848583241,MDC,SQ
14834,-13.599142,-4.418547,1084.5929689177433,MSY,BA
16508,4.368741,29.019411,419.1471713075365,KMG,CA
36329,-5.4670906,35.7827,383.5535197981502,ATL,KL
66923,4.1965814,29.208115,412.1403468651471,JHG,ZH
18392,5.6205764,-20.321085,1548.858864488975,CTU,CZ
18485,5.992355,13.485968,773.672002394458,FOC,CZ
52369,1.9048184,24.372223,558.8544611430976,ESB,TK
42331,4.7021356,-8.818661,1254.7515583186307,TAO,MU
5726,-7.857157,35.14841,428.57257724310887,LAX,AA
56592,-17.094957,10.452986,822.2327760778635,HSV,UA
4672,14.263636,-38.651634,2295.4735574276206,AKL,AA
17176,3.9866614,-14.605234,1402.2873993640078,XIY,CA
66824,4.291851,-12.064135,1342.9678990490588,DYG,ZH
25275,25.2396,-41.46427,2960.8641553802277,MDW,FL
32377,-2.5568192,3.9721403,958.2506093717268,BIO,IB
21942,-16.196802,21.021912,677.8194502375128,VSA,DL
16386,5.790734,18.354933,671.8880977110473,HGH,CA
19189,6.4117885,12.625199,794.875471741767,TNA,CZ
24920,20.88888,-39.35104,2598.1412186054363,BHM,FL
13711,-3.2149923,13.168662,748.2106924184504,TIA,AZ
67136,6.2982802,15.154044,737.2534978755679,PEK,ZH
10998,-17.872028,6.7625117,881.1075124149638,HMO,AM
59326,-16.54353,10.239574,827.9094521082905,GSP,US
43284,4.5969553,-15.129922,1418.7048880935504,WUX,NH
16949,4.928994,22.66141,578.7543458240319,SZX,CA
18317,4.47607,-9.489543,1273.042646555984,CKG,CZ
18705,8.67187,-29.295486,1813.3715774887128,KMG,CZ
17002,4.2939973,-11.191913,1320.9903551816208,TAO,CA
24195,30.915417,-44.12147,3609.28252342195,JFK,EY
57837,4.163797,-25.241835,1668.1575984737917,VIE,UA
25560,-15.947108,2.7301197,946.8823099532178,TPA,FL
67085,14.890951,-38.49462,2314.832460800419,PEK,ZH
21590,-11.77411,28.743183,555.6583178835521,PIA,DL
48367,25.506304,-42.315056,2998.306205679887,ARN,S4
52379,2.226526,27.806494,447.63480037445703,ESB,TK
25286,-15.00534,-1.1234801,1016.1594864286737,MDW,FL
32184,9.583219,-33.286636,1974.1262423414275,ACE,IB
16975,5.6507707,20.832762,623.0600849936372,TAO,CA
8962,4.306157,31.35331,323.6877361496156,TSA,AE
56350,-1.3920493,-23.753942,1520.2782941240916,EWR,UA
59825,9.6181135,-33.575607,1983.6093755737666,MUC,US
33211,-1.8021023,-10.288378,1327.6239586527997,OLB,IG
17011,4.133836,-8.987691,1261.8565441177857,TNA,CA
66804,5.7616215,12.2804785,802.3480477613471,DAX,ZH
59250,-1.741496,-1.4084978,1086.2821640529971,FCO,US
41938,5.699304,23.853516,556.1579403372638,NAY,MU
32289,-2.4791908,1.048853,1027.7281405788285,BCN,IB
32781,1.9230039,32.114082,351.2476598575433,MRS,IB
25366,-14.387019,27.222631,597.2346518443526,OAK,FL
37969,6.8604736,-28.894888,1763.673142017261,ADD,LH
11994,-10.4860735,32.266727,495.7300070374313,SJC,AS
25320,18.910614,-37.97376,2446.949535155072,MKE,FL
16237,6.140347,-20.985714,1572.1620467373666,CTU,CA
17116,5.703797,2.8220854,999.1361279017761,WNZ,CA
41601,5.671778,0.86892617,1038.4231560434778,HGH,MU
24948,-16.306864,2.9606886,943.6455736289756,BWI,FL
11147,-17.283335,16.145557,749.2967730849439,MTY,AM
58895,30.174942,-45.460922,3619.477314781584,CNS,US
44663,30.528122,-44.75922,3613.380241773433,TFS,OS
32469,1.3827543,-21.753992,1546.8492407870758,FCO,IB
16912,5.9441776,22.179167,594.1008994070179,SJW,CA
56797,-15.839065,20.388456,685.6391520832301,IAH,UA
25022,-2.781527,38.5076,291.3722568545148,DAL,FL
20278,-17.19109,5.5336947,899.3461760163586,AUS,DL
50149,2.4994843,-23.69418,1604.2563709437868,SVO,SK
10990,-0.20186219,39.60997,199.56472841273091,GUA,AM
36575,-11.506076,-7.9174156,1158.0263834002933,DAL,KL
48226,5.161183,5.1420736,954.7003987489097,BOM,S2
52388,-2.170148,6.1360397,907.8907455444179,ESB,TK
25079,5.0543785,-30.864199,1775.673611435069,FLL,FL
57351,-11.998872,29.161995,551.8820794824186,ORD,UA
24888,20.226646,-38.996113,2549.081233958843,ATL,FL
67174,12.596054,-36.55334,2134.8229959291966,SHE,ZH
20430,-15.36213,19.924849,690.7614058950448,CID,DL
57403,-0.4678983,-25.483637,1590.0360718046024,ORD,UA
41391,5.1427183,25.780075,507.05660953670167,CAN,MU
13748,-1.7042317,-8.974894,1275.9572254700688,VCE,AZ
67110,4.609682,-7.470668,1223.1540121096282,PEK,ZH
17089,6.5607038,-23.821018,1659.5035449056684,URC,CA
39734,23.732864,-40.76079,2806.3944656337057,ZRH,LX
25069,27.472479,-42.410522,3178.0381034045117,DTW,FL
32492,-2.1401048,-1.7117668,1093.614444344243,FRA,IB
6963,-7.3061266,-13.043704,1292.2599215386977,YUL,AA
32189,-3.3738205,12.615395,765.9663996293787,AGP,IB
24931,-15.342783,-2.5968423,1042.2017842036053,BOI,FL
37588,-0.059860826,39.122234,206.99615858480385,BOG,LA
44570,3.5321953,-25.52281,1668.1575984737917,DME,OS
21933,-15.857612,18.28939,713.9449481144015,TYS,DL
56161,-14.267928,-5.5852175,1091.4204968761126,DEN,UA
57358,-7.6425996,-12.600097,1280.9266443716765,ORD,UA
57038,-10.799328,30.27369,526.0363225770185,LGA,UA
21158,-14.729516,-2.308904,1040.660371874527,LGA,DL
61652,-2.7814043,16.869345,647.0947460207124,ABZ,VS
20091,-15.850451,16.81614,734.7556381568949,ATL,DL
44753,2.9032555,-23.503468,1606.2413008372982,VIE,OS
18926,6.1905932,-21.916418,1598.5262266818463,PEK,CZ
25507,-16.819462,0.8460603,975.089316263444,SMF,FL
57767,-14.460061,24.271336,633.5001335705921,STC,UA
20615,-13.188134,27.333477,584.4751430199412,DTW,DL
41953,6.0169883,1.5704635,1026.6766340683055,NDG,MU
37565,-18.19872,18.686985,723.5060385203607,ANF,LA
5460,5.951083,-29.186995,1747.002661295568,GIB,AA
21797,-10.943987,31.433659,513.8071942331524,SLC,DL
59003,-16.529686,12.975449,784.3240385024877,DCA,US
5091,-15.011068,22.258837,659.9832439429006,DCA,AA
43029,4.3901305,-15.202492,1418.7048880935504,KIX,NH
7862,-14.914758,21.801552,664.2462461278508,CVG,AC
10969,-15.350787,24.224354,636.4221502156267,GDL,AM
18460,31.25851,-45.864803,3831.514405997894,FOC,CZ
36730,6.047775,10.478644,844.4688372455315,KWL,KL
20388,-16.132126,3.289299,940.4316117067129,CAE,DL
56081,-13.397529,27.943773,578.6070367747591,DEN,UA
25076,6.936665,-32.61325,1877.428621786554,EWR,FL
8010,-12.058005,28.162874,565.5596446322581,ORD,AC
25196,2.2968972,-27.947071,1726.0843719153165,MCI,FL
59817,-13.599142,-4.418547,1084.5929689177433,MSY,US
10319,4.322947,-19.833467,1525.784563114979,BOM,AI
16107,5.1574335,-2.1388023,1097.0675517723682,CGO,CA
51196,27.769154,-44.089233,3277.818151217978,URC,SU
21271,-15.741557,-0.6296946,1005.5709941487708,MEM,DL
32273,-2.112198,-7.453126,1226.7002464174584,BCN,IB
37744,-9.37162,31.562832,494.41730085153864,MTR,LA
11114,-5.503965,36.769672,368.08995998443606,MEX,AM
25156,28.233624,-42.940567,3252.8183990797506,LAS,FL
51316,3.0511067,31.069584,355.24122441604146,DMM,SV
32860,-2.8037987,16.73907,651.9491146356671,PMI,IB
56354,-11.462571,-8.352036,1163.4663189776484,EWR,UA
25243,-0.73266983,-24.766645,1565.1641469551087,MDW,FL
5426,-0.5520339,40.41942,192.07030247271354,FLG,AA
55941,-11.803117,29.099941,551.3002959262692,CAK,UA
34638,4.555852,32.133717,273.1185555177606,ITM,JL
6212,31.807941,-44.538868,3787.880825651458,OGG,AA
32371,8.479469,-32.614315,1919.596050695198,BIO,IB
57836,-10.12525,-10.218999,1208.203700796212,VER,UA
43834,5.916995,4.6607814,962.0289467205062,WUH,NX
29869,5.860725,16.1775,717.8260663730083,WUX,GE
32233,7.9833884,-31.802008,1883.657308271785,AMS,IB
56118,-10.603957,-10.488019,1209.8413800799547,DEN,UA
67191,8.831595,-29.752007,1837.8569486180638,SWA,ZH
37548,-15.118006,29.227852,571.4768733428549,AEP,LA
8034,-16.714254,7.4049206,870.2491911660526,RDU,AC
20358,-5.8164186,36.149555,383.5535197981502,BQK,DL
42222,3.9321816,-10.201549,1290.1822890703677,SHA,MU
18852,5.7682533,18.247467,673.5386748873844,NGB,CZ
48273,5.21202,5.555538,944.8311267698501,DEL,S2
59045,-1.1778712,-23.577484,1520.2812407133097,DFW,US
3986,4.9377565,5.577782,944.1705522421904,BOM,9W
56273,-17.148304,4.8372507,908.6657764531769,ELM,UA
66718,4.8833156,23.328781,562.0029409151979,CKG,ZH
67065,13.054404,-37.105892,2173.9833985777423,PEK,ZH
67378,5.1415343,-20.452183,1548.858864488975,XMN,ZH
7739,-2.3464339,0.7191475,1035.0912784581417,VIE,AB
4941,-16.108694,5.2243285,907.0741798698338,CLT,AA
57830,-14.934135,-0.9716193,1014.2735394312516,TYS,UA
36974,-11.535397,-9.712539,1186.843015132446,YWG,KL
10848,-2.5911193,38.47146,287.5704383656374,ACA,AM
31284,4.5606704,28.228289,445.1449266358601,HAK,HU
36409,-1.1477469,39.379307,236.01323878002455,ATL,KL
5037,3.6698136,-13.836025,1391.1220248734105,CNS,AA
5964,29.855597,-43.64041,3451.561293101214,MCO,AA
36544,0.22098617,39.87031,171.04902083897923,CHA,KL
5844,7.6998706,-30.709614,1847.9556424748234,LHR,AA
61793,0.29575604,37.647415,242.81089399247946,MAN,VS
37647,9.230968,-34.517254,1995.77314293956,GIG,LA
32797,-3.3767896,9.94041,831.1729220730671,NDR,IB
59246,-4.5729656,37.685764,336.732271981143,FAT,US
66225,14.370514,-36.65802,2226.9096483017943,LGW,YO
66720,4.555808,-9.978809,1283.2188628290398,CKG,ZH
5127,31.72223,-44.481422,3773.2264283350205,DCA,AA
18658,4.7184534,-6.2863603,1196.83440201348,JJN,CZ
67283,5.9349318,16.312473,715.2753582314349,TSN,ZH
24956,18.1668,-37.603962,2393.5462602764187,BWI,FL
57901,-18.010647,6.7223606,881.6724020970257,YYC,UA
25399,27.254124,-42.615784,3168.9091302408874,PHX,FL
3963,3.936396,-20.64759,1546.8398946011116,BLR,9W
56310,-16.83027,8.4857025,856.4189992724889,EWR,UA
16955,20.037174,-40.88045,2594.0087444652154,SZX,CA
36713,5.31363,4.353693,969.9026595297668,KCH,KL
59803,-7.5933986,34.85088,428.57257724310887,MRY,US
48344,4.1612535,25.733183,509.9774877226573,RPR,S2
66750,6.2366147,-21.207281,1580.222375387982,CTU,ZH
20165,-17.397522,11.445434,808.7514007543349,ATL,DL
4214,24.87746,-42.550804,2955.2158199169085,TRV,9W
56986,-7.857157,35.14841,428.57257724310887,LAX,UA
17120,6.4404917,15.273844,736.1594957773088,WUH,CA
41949,4.6713686,27.65496,460.88456729702034,NAY,MU
37571,-0.70005125,38.259586,243.70946400662996,ARI,LA
52812,-2.290351,16.635334,654.4811272830904,SAW,TK
36372,-16.84715,3.7143054,929.9351484718935,ATL,KL
32185,7.547853,-31.281103,1859.3652056250376,ACE,IB
10898,-12.466274,29.579405,550.2206737195022,BJX,AM
20161,-15.280462,-1.2564166,1016.6389243603364,ATL,DL
62465,14.688812,-36.83851,2241.077356667636,KEF,W2
12992,17.71521,-37.261417,2363.848835053403,ATL,AZ
57858,-15.543278,0.45367298,985.6119609434244,YHZ,UA
32429,6.338612,-29.603495,1768.5731800967706,CPH,IB
20503,-13.66541,26.449003,599.8525387124471,CVG,DL
25368,7.4297633,-32.693336,1894.4539249815293,OKC,FL
55854,-11.184528,-8.641929,1173.8241937907917,BJX,UA
11737,-14.664905,26.971283,600.4217532554477,LAX,AS
5875,-2.193898,0.34082744,1044.2711847934806,LHR,AA
25404,-0.075503856,-26.339977,1625.0856639054703,PHX,FL
66631,33.015614,-47.53666,8038.074893043313,CAN,ZH
13058,18.766582,-39.86583,2504.9865315314537,AUH,AZ
17186,6.123171,0.89682406,1037.6942454847615,XIY,CA
43889,29.761261,-43.536594,3434.718035567292,ATL,NZ
32794,1.3029171,26.444809,496.2965196417865,NCE,IB
57747,-16.811607,16.829609,738.3105320220998,SLW,UA
13634,-3.244123,11.14765,804.1609035319708,PSA,AZ
6841,-0.9838064,-25.321653,1576.0998510924833,SNA,AA
6586,-2.0962632,39.518097,256.77093910368933,PHX,AA
42549,7.3224936,-24.627468,1702.272245024319,XMN,MU
37732,-16.813068,18.467373,713.164688040111,MEX,LA
66635,5.7373447,4.4541183,965.6408906472236,CAN,ZH
21099,-15.049909,-2.6734898,1045.1920868076597,LEX,DL
17111,5.891833,6.683146,918.849960667697,WNZ,CA
39705,-2.0511827,-2.7503119,1120.222553119081,PRN,LX
36967,-7.0232844,36.116505,401.0227458269699,YEG,KL
8287,-10.754809,-10.092697,1204.6366702940222,YVR,AC
5517,-10.194009,32.406425,491.0236711483514,HMO,AA
36430,-16.444859,11.014391,817.2204221283627,ATL,KL
19432,3.757671,-15.59821,1425.3290145384904,XMN,CZ
5138,-16.817837,9.713098,837.1501615567706,DCA,AA
11272,-12.03623,30.306232,537.1460867227325,ZCL,AM
17085,18.199173,-40.303608,2485.613713390217,URC,CA
56589,1.1818441,-27.473759,1683.6975522788057,HSV,UA
34754,4.781369,-17.322954,1481.5956793051014,NRT,JL
16977,4.163365,-16.977495,1470.9724563184932,TAO,CA
4851,5.6062784,27.293825,469.5933816620808,CBR,AA
41357,4.738347,27.161104,476.5785333250715,BAV,MU
17152,5.314262,21.963547,597.237591674791,WUX,CA
66845,14.855032,-38.48656,2314.832460800419,HAK,ZH
11002,-13.227523,29.212515,560.899051306406,HMO,AM
32287,3.18729,-25.954819,1676.5691328491478,BCN,IB
59518,31.370987,-44.69414,3742.7120004761055,LAX,US
5526,32.09918,-45.140205,3873.2776461140797,HNL,AA
13750,-2.035061,-3.0189075,1124.672270742495,VCE,AZ
21970,18.811794,-38.207188,2451.1967516806203,YYC,DL
66688,16.744001,-39.57862,2421.042571012906,CGQ,ZH
51824,31.46662,-44.9826,3776.6462598626176,GIG,TA
10986,-6.9766746,35.316174,413.0385828130521,GDL,AM
36452,29.486816,-43.316296,3397.642005873093,ATL,KL
16119,5.0054126,-5.7940736,1183.8842845912955,CGO,CA
33130,16.63375,-38.80821,2383.1439760187113,FCO,IG
16251,6.7427263,-22.595345,1622.3659650560276,CZX,CA
24927,-14.6080885,23.908379,636.3291442642529,BNA,FL
32386,30.481558,-44.653538,3599.883987412828,BJL,IB
55765,-5.203428,-16.94958,1439.304971184156,ABQ,UA
6756,-1.4699252,-24.583315,1540.36738350629,SEA,AA
16136,6.3170366,9.718707,862.4493354273609,CKG,CA
67300,13.810598,-37.744137,2234.1815361560307,URC,ZH
25542,-16.373365,16.508642,740.4739328599734,TPA,FL
58824,-13.510673,26.578007,598.9125601184202,CLT,US
21109,-15.4841385,0.0011616873,993.4365683357355,LGA,DL
17178,6.680613,11.91479,809.992000239969,XIY,CA
16875,4.7096925,28.015488,449.784320021151,SHA,CA
25491,1.7274841,-27.108803,1683.7163762434743,SJU,FL
24953,-11.44592,29.600693,540.9911415493356,BWI,FL
32217,0.31631038,-18.75746,1458.012817028338,ALC,IB
21868,21.800531,-39.958813,2673.639624177318,SMF,DL
53674,28.918903,-43.95946,3372.376745915901,KBP,TP
53986,18.157665,-38.121696,2411.257548049921,YHZ,TS
17078,6.393111,1.6742975,1023.6800406850956,TYN,CA
32495,10.507703,-34.08573,2031.89217725496,FUE,IB
37616,20.37571,-37.747433,2509.027109208039,CLO,LA
66940,4.996598,-0.61311126,1065.9695594776235,KHG,ZH
36356,-2.0578043,38.508087,274.7080703306348,ATL,KL
10382,16.41904,-39.16928,2395.8519584544188,CMB,AI
13632,-3.2015226,12.38329,771.401787749559,PSA,AZ
25385,-0.4042996,-25.521559,1592.1750010014157,PDX,FL
67127,5.990591,10.966565,834.5078680495141,PEK,ZH
16419,6.255166,2.692581,999.8782546601542,HRB,CA
16035,-13.420237,-5.921839,1107.5625747320166,ATL,CA
16909,4.664745,-6.7249856,1206.2171955187937,SJW,CA
36969,-15.897818,6.810258,880.4507022687847,YHZ,KL
16509,7.3431168,-25.1972,1721.674683288698,KMG,CA
11667,24.728716,-41.395058,2912.8778685305847,IND,AS
56736,-15.395527,-2.4478807,1039.1455242032966,IAH,UA
4165,24.177399,-42.33964,2883.615083896108,KUL,9W
6162,-13.016982,26.155075,599.5581587924462,MYR,AA
3952,24.834631,-42.726303,2955.2158199169085,AUH,9W
42776,4.8863435,30.412205,366.86708841068565,CJU,NH
19437,5.5230765,-1.7326602,1090.038009845747,XNN,CZ
25037,0.42927486,-26.150272,1627.5841721572428,DEN,FL
42544,5.0415664,25.779675,507.05660953670167,XMN,MU
18661,7.3486066,-24.80437,1709.7178431928069,JJN,CZ
36920,-14.93997,28.673906,588.6187547926966,STM,KL
25279,-12.23889,-6.594352,1131.1346318917656,MDW,FL
42836,6.4611673,2.9197676,997.2012684984835,FUK,NH
36789,-0.9120849,38.98645,236.01323878002455,MGM,KL
25247,-4.9919543,-15.462415,1381.5097114794833,MDW,FL
9170,-3.9901922,37.09524,335.3424559363311,ATL,AF
8181,-0.44894853,-24.427383,1562.2694838576767,YQY,AC
67162,4.1761546,-9.409047,1273.082604778985,PVG,ZH
25084,27.340382,-42.405678,3168.9091302408874,FLL,FL
33256,-2.040488,-0.5365058,1064.7408432924558,ZRH,IG
21764,-8.005543,34.57633,437.7413045281731,SGU,DL
67144,13.114461,-37.191845,2179.1701901581755,PEK,ZH
18767,6.223344,4.255522,968.3409251399753,KWL,CZ
9252,13.795348,-37.92042,2238.4901127903154,CAN,AF
34674,4.4973545,-10.640632,1303.389002951669,KIX,JL
40949,4.2833047,25.896511,505.61001653422,COK,MJ
41881,5.7347717,23.844397,556.1579403372638,LYI,MU
42669,3.137068,-9.542496,1281.541039567221,HIR,NF
67134,3.761334,-11.454008,1327.1698215411632,PEK,ZH
6132,-16.728228,9.150167,846.2239125963217,MOB,AA
32305,-2.6721632,17.365244,626.4431281475144,BCN,IB
48209,4.808778,2.9216392,1001.7879421578436,BOM,S2
66823,5.7317834,22.759514,578.1106101454798,DSN,ZH
37593,-0.23149392,39.02667,215.44910338400092,BOG,LA
44625,29.989643,-44.60973,3544.090829202589,LPA,OS
11732,-12.722138,-7.519097,1139.604532163449,LAX,AS
8005,-4.8112326,-16.177492,1413.583791110655,ORD,AC
18540,3.8656714,-11.531276,1328.8793183445146,HGH,CZ
16450,5.9247108,2.5802712,1002.1349038689646,INC,CA
32364,12.228428,-35.49073,2123.203109921693,BGO,IB
25407,-16.406544,-0.4815557,998.6502227152433,PHX,FL
58880,-7.210095,-13.0162115,1292.2599215386977,CLT,US
44763,-2.2004387,1.2378141,1023.8758824117407,VIE,OS
4785,6.4364324,-3.294476,1112.2599829541261,BNE,AA
42230,5.7394404,0.057419073,1054.0136529778167,SHA,MU
11705,-12.405727,-7.910906,1147.5330343094558,LAX,AS
48328,6.9519167,15.799962,733.0746672565235,MAA,S2
41939,6.5183477,1.5369306,1026.6766340683055,NAY,MU
21188,-17.34773,16.735695,741.5528463919109,LWS,DL
21795,-9.732566,32.949936,480.07144790448683,SLC,DL
53958,26.07165,-41.978962,3023.2534698183686,MBJ,TS
43863,9.545302,-29.765402,1860.2945676315449,AKL,NZ
59884,-16.376862,4.8741884,909.9734921449941,ORD,US
34425,-4.1440306,-16.903196,1430.9675822243362,SCL,JJ
32480,-2.1471586,-2.0750296,1102.4320317983495,FCO,IB
6667,-15.262123,24.94307,629.6190531734105,RNO,AA
16518,4.5311637,-9.558455,1274.343598745713,KMG,CA
66914,7.1096416,-23.428276,1653.5261410809796,INC,ZH
32485,-1.8558391,-10.056496,1317.0401481871786,FLR,IB
37560,17.667015,-38.071278,2381.382322111127,AEP,LA
56835,-3.2603912,38.010746,309.4015557945199,IAH,UA
19241,6.0615845,12.894742,788.5212689881191,TYN,CZ
25089,0.7059842,-26.120337,1631.0088642348894,FNT,FL
20310,-3.6578526,37.7298,320.47069174234485,BJI,DL
41923,4.318381,32.49478,249.7198975885752,NAY,MU
33259,-3.1902888,13.641402,734.1615008646663,ZRH,IG
56698,-15.45048,21.070553,674.3914216722618,IAD,UA
16940,6.137108,11.601568,817.1976736404598,SZX,CA
19419,6.786851,12.191884,804.1439647011956,XMN,CZ
6799,-13.590614,-7.0686855,1121.986783009741,SJC,AA
20519,-12.889424,27.218985,583.4634680936387,CWA,DL
19251,5.8088117,-20.670643,1557.7760775348488,TYN,CZ
33168,-3.2099793,9.001093,853.5867593786907,MUC,IG
40947,3.5800426,30.77383,357.12997516188005,CMB,MJ
6412,-8.9754505,-11.330243,1241.365897453181,PHL,AA
41139,2.6114233,-21.226488,1549.9936644574916,ADD,MS
16490,6.0379224,20.931318,622.3734706464311,KHN,CA
8443,-15.400535,21.147778,673.409066903552,YYZ,AC
33088,16.879972,-38.6021,2383.1439760187113,AMM,IG
32928,-3.2024443,14.810221,701.1540872739412,SVQ,IB
32240,0.5555842,-19.49603,1481.1139884569336,AMS,IB
66719,4.47607,-9.489543,1273.042646555984,CKG,ZH
32955,-2.874867,5.485575,919.3465463975116,TLS,IB
57527,-8.644409,-11.741954,1251.3450041230865,RAP,UA
10910,-2.4560604,17.926739,605.5086585177058,CDG,AM
25338,20.062935,-38.751366,2534.1055420962857,MSP,FL
42794,13.805478,-38.021343,2241.7074396091225,CTS,NH
57402,-4.811233,-16.177492,1413.583791110655,ORD,UA
25644,6.6286917,13.150043,782.2171858327156,PUS,FM
41638,6.4114976,10.3722515,846.4879866692611,HLH,MU
16819,6.3819275,4.3415465,966.8841246675619,PUS,CA
17282,5.5675783,23.460152,561.3796849894189,ZUH,CA
21980,-15.215821,21.853497,664.2462461278508,YYZ,DL
25301,-7.906571,-12.049591,1264.9204084400126,MEM,FL
32453,26.724495,-42.884617,3125.6636080139615,DME,IB
19417,5.3979855,0.9396375,1036.9540192096113,XMN,CZ
42186,5.275971,-2.0312765,1095.359403537128,PVG,MU
56391,-14.981817,-1.9113351,1031.2476502101094,EWR,UA
57716,-17.500822,9.897892,830.7559044300104,SGU,UA
57746,-15.365093,-1.7148327,1024.400086564784,SLP,UA
9816,-2.3385282,1.894151,1008.2645470427658,NTE,AF
4138,4.0629635,32.20762,276.1240903760275,IMF,9W
6541,-16.75109,19.061232,705.2739284552085,PHX,AA
23906,1.6660581,28.20191,433.94603789697845,NSI,ET
56136,-17.32167,17.142101,736.0038675516306,DEN,UA
57300,-16.762045,16.950129,737.2763612328678,ORD,UA
17191,5.727309,20.182371,634.99146381434,XMN,CA
5120,-13.079268,26.241772,599.5581587924462,DCA,AA
4020,5.161183,5.1420736,954.7003987489097,BOM,9W
48523,31.835386,-45.81468,3913.3192625685256,DME,S7
55838,-5.9594803,-14.895542,1356.7708249200514,BFL,UA
61180,4.88031,23.95351,555.1184574896182,REP,VA
6124,-12.835818,-5.514501,1108.1397811183788,MKE,AA
5393,-10.976798,-10.301949,1205.2621757948934,EUG,AA
60509,-2.0765474,39.472496,256.77093910368933,YUM,US
56587,-10.751809,-8.968616,1184.8962231377407,HPN,UA
16900,6.1535077,14.316091,757.2410116420773,SHE,CA
56949,33.17872,-46.836452,4696.200909575032,LAS,UA
20517,-17.391449,5.3185,901.9294104910841,CVG,DL
41918,4.7806864,26.806364,485.9156645873886,NAY,MU
25306,-14.27174,-3.1658847,1055.407943148767,MEM,FL
60501,-16.820683,12.998434,784.3240385024877,YUL,US
56087,2.5655174,-28.314829,1740.0206563372997,DEN,UA
21126,-15.819885,0.7438374,981.4504990812961,LGA,DL
39817,26.307026,-42.500504,3062.6157671469127,ZRH,LX
34677,4.541563,-10.230623,1290.9288507449137,KIX,JL
20848,-16.492075,5.921605,893.2933125302113,HSV,DL
3969,4.561877,-1.1422845,1077.956338195818,BLR,9W
58879,-9.762634,-9.994227,1209.1029073228983,CLT,US
21643,-17.08006,12.855633,785.2750441405486,RDU,DL
19145,9.108237,-30.152796,1863.4019871814776,SZX,CZ
17150,8.773977,-29.781849,1837.5540423327445,WUX,CA
21029,5.6678944,-32.194733,1832.1532692442395,LAS,DL
6791,32.503727,-44.695576,3885.852302378075,SJC,AA
40928,4.0252137,-19.881573,1525.784563114979,CMB,MJ
21934,-14.526608,-2.2307613,1040.660371874527,TYS,DL
8135,-15.8261385,17.647936,724.2874116348574,YOW,AC
64626,15.854297,-36.603073,2264.7127590525893,MIA,WS
60405,-14.58146,26.946262,600.4217532554477,SMF,US
67297,4.6616516,-0.6469916,1065.9695594776235,URC,ZH
32514,-1.1941153,-16.12835,1367.6018130093166,HAJ,IB
41946,4.33856,-13.909333,1382.3025200590646,NAY,MU
13726,-2.1106064,-0.28036863,1058.7122357492049,TRN,AZ
25508,-15.655068,23.108557,650.3760965820602,SMF,FL
36902,-16.810743,6.4888573,885.5733939633426,SHV,KL
8504,-15.971102,-1.5848575,1019.0236640242384,YZF,AC
43030,6.982766,11.470966,821.3538137107515,KKJ,NH
50514,4.88031,23.95351,555.1184574896182,REP,SQ
56128,-1.6941288,39.752296,244.37562494619817,DEN,UA
46828,6.4544215,16.917809,703.3573400896196,CEI,QF
5561,-16.43888,2.8466072,944.6655293613745,ICT,AA
33237,-1.8655595,-9.662554,1300.27191061507,TXL,IG
5021,-7.210095,-13.0162115,1292.2599215386977,CLT,AA
50765,6.7790875,-29.434378,1773.4333621165308,AMS,SU
6876,11.415989,-32.743996,2020.2130833636097,SYD,AA
32828,-3.193687,8.091059,870.0918551558901,ORY,IB
16154,4.4520555,-16.8735,1470.9724563184932,CKG,CA
25429,32.246906,-44.678745,3853.2823503223253,RDU,FL
54050,16.568666,-36.92392,2301.333360799691,YYZ,TS
16514,9.350674,-30.47749,1883.4802656945753,KMG,CA
16516,7.1321917,-24.16567,1678.108590979289,KMG,CA
32267,-2.7827065,4.4924884,944.9122746042431,BCN,IB
38655,-1.8834893,-8.043953,1241.5401038137989,MUC,LH
11701,27.700163,-42.7646,3204.0661703976393,LAX,AS
36415,-16.573284,18.010887,719.8329698416734,ATL,KL
21186,-0.31326258,40.133755,191.89680202398944,LSE,DL
67100,5.892192,-21.717388,1590.788053206541,PEK,ZH
20717,-12.356891,28.486994,563.5671813013656,EVV,DL
43211,5.6419287,-2.3790584,1099.520979028212,PEK,NH
20590,-16.486937,8.0411825,861.6024789069867,DTW,DL
66958,3.965678,31.443066,320.6596762226342,KMG,ZH
56238,-14.673992,23.574636,638.9191125233101,DLH,UA
32219,0.39560118,-19.29889,1474.422641488574,ALC,IB
32863,-2.6802318,17.388636,625.6820575566327,PMI,IB
8427,-15.911822,18.787468,706.6990421748593,YYZ,AC
19159,5.2735834,-4.4644136,1150.7365237064664,TAO,CZ
41930,6.529454,1.1828488,1033.6670277188286,NAY,MU
57173,-14.022483,-5.355458,1091.4204968761126,MSO,UA
32858,0.64519656,38.252884,201.96692631453337,PMI,IB
62447,14.92783,-36.607876,2241.077356667636,CDG,W2
20207,-16.444859,11.014391,817.2204221283627,ATL,DL
13520,9.892669,-35.22315,2050.7079202094415,MIA,AZ
5897,32.651646,-45.078323,3950.204625235005,LIH,AA
24994,-13.2866335,26.624462,597.2514944763363,CHS,FL
42326,4.566977,-15.967928,1442.5020936913688,TAO,MU
16265,6.2283025,8.365279,886.4379290140298,DLC,CA
9074,-16.84715,3.7143054,929.9351484718935,ATL,AF
36521,17.462393,-39.29973,2428.9667473891986,BZV,KL
32333,0.6508734,38.246536,201.96692631453337,BCN,IB
25477,-13.808922,-6.2670026,1106.7145012868898,SEA,FL
20887,-6.7902427,35.04318,412.3846273350498,IMT,DL
21613,-17.639992,7.3794794,870.973461446707,PSP,DL
16063,21.770105,-41.656876,2733.839588114095,CAN,CA
24921,-17.146824,14.155928,771.1780835238371,BHM,FL
62464,27.493269,-43.22048,3208.0669553310013,KEF,W2
37768,10.631294,-35.358162,2086.912120765005,RGL,LA
33167,-2.0446165,-7.9725156,1239.3911035136662,MUC,IG
20303,-15.376331,-0.60818255,1006.7604153988857,BHM,DL
67152,6.4447517,-23.634783,1653.5261410809796,PVG,ZH
38604,7.298353,-30.16475,1817.8173947989692,MUC,LH
66782,7.209179,-23.785587,1665.040268434446,CTU,ZH
56292,-10.269689,-9.625355,1201.0092247137677,EWR,UA
36610,-15.866332,19.55094,696.3169163964758,EWN,KL
20886,-16.55928,11.695409,805.8334755624812,ILM,DL
21264,-14.663306,24.427958,632.2990554978732,MEM,DL
19427,5.474768,22.762867,577.1625026925587,XMN,CZ
17126,3.91208,-9.49373,1274.343598745713,WUH,CA
37687,31.70776,-45.24232,3827.57056511568,LIM,LA
11229,28.009193,-42.82657,3227.161068671862,SLC,AM
19157,4.6556115,31.46752,317.226671924866,TAO,CZ
9199,1.327608,26.371655,497.7459139899003,BIA,AF
57719,-3.2722785,38.028732,309.4015557945199,SHV,UA
19433,6.010748,5.8634996,935.7935818312902,XMN,CZ
57248,-6.8536057,-13.973556,1315.729952165986,ONT,UA
16919,4.822129,26.331837,495.8516657289169,SYX,CA
16616,4.27292,-8.099277,1236.6558214394172,NGB,CA
9321,31.255714,-45.604633,3803.276378831972,CDG,AF
16066,6.1083593,13.860263,765.5851298275497,CAN,CA
17154,6.115054,12.151649,805.1062047669692,WUX,CA
21787,-13.671237,28.226618,576.0034321824891,SLC,DL
25262,-16.850672,2.6198123,946.3209294429294,MDW,FL
44560,-2.981761,14.596381,705.6442964859596,CGN,OS
52371,1.8808365,24.169228,566.9205786691267,ESB,TK
9727,-16.228006,17.985283,719.8329698416734,MLU,AF
6766,22.670628,-40.56199,2744.344982350002,SEA,AA
7927,-15.543266,17.597708,724.2874116348574,IAD,AC
21257,-16.233614,19.864016,693.3019022439971,MEM,DL
32837,6.624064,-30.24083,1797.4139258712087,ORY,IB
32218,13.211489,-36.021767,2164.5402065900894,ALC,IB
47474,6.3902454,18.145908,673.5405578080735,HKT,QR
57870,-11.526792,-9.008037,1175.352948570271,YQR,UA
55766,-1.0817708,-24.177893,1537.7635936407623,ACA,UA
34641,4.880954,30.276163,370.277495603337,ITM,JL
62466,12.7137985,-35.70766,2143.9213394780895,KEF,W2
37740,15.470224,-36.227394,2243.0323844181694,MIA,LA
8166,-11.526761,-9.008025,1175.352948570271,YQR,AC
57502,30.44384,-44.101585,3553.60379497525,PTY,UA
8964,4.599078,31.344337,323.6877361496156,WNZ,AE
17239,6.0178194,7.123702,910.2715885770299,YIH,CA
16640,5.8052206,3.4645581,988.1357534999472,NKG,CA
34707,4.584476,32.128963,273.1185555177606,MYJ,JL
6242,-16.376862,4.8741884,909.9734921449941,ORD,AA
57422,1.015412,-26.396042,1645.5858434963013,PBI,UA
37814,-13.06257,-3.3432114,1069.6844611884255,TUC,LA
42834,4.809182,30.394945,366.86708841068565,FUK,NH
32644,-0.640157,-17.47521,1409.5459698925818,LPA,IB
5974,3.7109494,-13.618974,1380.8541114328675,MEL,AA
17195,5.3180976,24.426458,541.4141090473782,XMN,CA
17016,5.7290483,19.719288,644.1533689786311,TNA,CA
58715,-7.7015524,33.905277,440.26406107843576,CAK,US
21242,0.87564534,-25.807768,1624.924250808046,MCO,DL
40918,28.04436,-44.015484,3300.109724333543,AUH,MJ
48501,11.79407,-35.166954,2098.1697369452195,DME,S7
37581,-15.23361,0.98736537,978.8844212445324,BOG,LA
17017,6.7103357,12.617755,794.875471741767,TNA,CA
25514,-14.573965,27.184563,598.2610835619997,SNA,FL
21393,-6.696143,34.9572,412.3846273350498,MSP,DL
16355,6.131668,11.978282,808.6999825505479,HFE,CA
32927,-3.4014719,10.846616,809.27821322445,SVQ,IB
9231,-5.8164186,36.149555,383.5535197981502,BQK,AF
34626,5.311842,17.69353,683.6955080464729,ITM,JL
31151,-2.139612,-5.0653377,1172.5498259894146,BRU,HU
8098,-16.075638,-1.6123828,1019.0236640242384,YEG,AC
5106,-5.2912107,-15.605787,1383.2452942935229,DCA,AA
25140,-15.965391,2.8571718,944.8785220556301,JAN,FL
16379,6.6391454,4.299856,966.8841246675619,HGH,CA
21723,0.557361,-25.96143,1624.924250808046,SDQ,DL
9270,0.13386056,-17.817831,1423.2435779437833,CDG,AF
56209,-11.604977,-9.171117,1175.352948570271,DEN,UA
25373,-13.1435585,-6.0153065,1111.331105805857,OKC,FL
20614,-9.709485,31.930866,491.7696585239688,DTW,DL
24907,-17.549946,8.899993,848.8725401270166,AUS,FL
25158,-7.4384356,35.572628,416.41413042881345,LAS,FL
41707,4.208413,-12.507988,1353.0487842999296,JXA,MU
67369,6.274805,6.419366,924.6394547008018,XIY,ZH
24898,19.037577,-38.876682,2490.942451680013,ATL,FL
25376,10.670741,-35.908325,2109.429261990656,OMA,FL
20603,-8.2538595,33.64096,452.23099359858566,DTW,DL
25110,-1.5128365,-23.46205,1509.804610287271,HOU,FL
33140,-2.9288638,6.6908855,895.4875849034709,FLR,IG
11145,-12.5631895,29.658426,550.2206737195022,MTY,AM
25218,-16.362099,15.563587,755.2029149067863,MCO,FL
52159,6.6084394,16.859377,705.1264394627867,KUL,TG
21844,-17.773252,7.3801746,870.973461446707,SLC,DL
7334,6.3902445,18.14591,673.5405578080735,HKT,AB
9046,7.2626963,-33.05742,1902.5379334175634,ATL,AF
9138,23.029362,-40.908688,2779.9424541114654,ATL,AF
33123,3.505622,-25.606455,1670.0090529248305,DUS,IG
11673,32.412193,-44.806503,3886.637904486668,JFK,AS
32329,-3.380905,10.160877,826.0964884541221,BCN,IB
33190,-2.6021175,4.10902,954.9763341028345,NAP,IG
59525,-12.111941,-9.22676,1170.5636780751493,LAX,US
32314,1.1700809,24.859629,548.6324974283641,BCN,IB
20284,-14.507272,23.42429,639.9099582368332,AVP,DL
62467,8.924219,-32.73427,1935.2700652213312,KEF,W2
7756,-2.2849178,-9.069225,1275.0608780680084,VIE,AB
66853,4.2807097,-14.59403,1402.07549456522,HET,ZH
197,6.4722805,0.5700495,1039.9236312136568,MNL,2P
19007,5.6285434,21.542393,607.5466729335096,SHA,CZ
24850,-0.6105822,38.842026,230.61397140097506,ALB,FL
32427,18.39121,-39.23652,2471.5442609827196,CPH,IB
57080,-4.826593,36.597958,356.88921527859884,MBS,UA
57338,-8.395427,-11.888997,1255.4635973395018,ORD,UA
37775,-4.1905456,-16.315598,1394.6262215129477,SCL,LA
59391,-6.1242046,35.34124,399.62924890611106,ISP,US
37823,-15.807215,23.477123,645.1476678768605,VUP,LA
9738,2.063067,31.871405,360.3430062688742,MRS,AF
66776,6.9397106,-23.269203,1647.7053646876889,CTU,ZH
32821,0.05892857,-18.584671,1451.3823254085983,ORY,IB
17019,6.6710124,11.4653635,820.8337347408068,TNA,CA
9202,-2.4419622,1.7213275,1011.7871394839491,BIA,AF
56117,-6.3334293,-15.100533,1354.7826118463827,DEN,UA
36638,17.433926,-37.545193,2363.848835053403,GDL,KL
39538,24.026556,-40.323536,2806.3944656337057,ACE,LX
20375,-17.467262,3.9368308,923.2618104312404,BUR,DL
16530,4.790888,-5.281455,1173.263553594164,KWE,CA
20624,-16.005154,16.402733,740.8005812623281,DTW,DL
4036,2.8385735,-10.878707,1312.6803602344014,CCU,9W
51152,2.5264192,-23.624111,1603.1328075139304,SVO,SU
67253,6.339574,-23.467688,1647.7053646876889,TAO,ZH
32464,3.2740588,-25.913246,1676.5691328491478,EDI,IB
40927,6.8474874,16.581211,710.2190420592295,CMB,MJ
56462,-16.40179,16.82031,737.2763612328678,FOE,UA
6971,-10.372164,-9.648195,1200.652474130089,YUL,AA
41796,8.795612,-29.749641,1836.8859003522587,KMG,MU
25365,14.857488,-35.750874,2207.8126373864343,OAK,FL
5085,-7.7504306,33.98274,440.26406107843576,DCA,AA
11725,23.351355,-41.15131,2802.1160076904803,LAX,AS
4116,3.3908267,-16.734787,1455.51056516763,GAU,9W
60129,-13.386419,25.544968,607.0884895838692,PHL,US
4778,4.501065,4.354221,956.2102240023761,BNE,AA
11720,-7.857157,35.14841,428.57257724310887,LAX,AS
60086,-13.261071,-5.8339367,1108.1397811183788,PHL,US
32655,-2.4979784,3.1626813,979.7716819609727,LUX,IB
41473,5.268396,-19.385752,1522.306120305668,CTU,MU
20782,-8.672721,33.801285,456.1863139997629,GFK,DL
18478,27.224142,-43.78364,3207.3179745363614,FOC,CZ
41924,4.899727,23.470644,559.7103930075539,NAY,MU
36936,0.5159197,-19.164942,1471.883107978296,TLL,KL
54012,21.00789,-39.71133,2616.293146815841,YUL,TS
57261,-14.997604,-0.93413156,1013.6209750443187,ORD,UA
66982,5.8820972,-20.14471,1546.9016494300142,KWE,ZH
32294,9.426246,-32.913963,1958.3116794184061,BCN,IB
17140,4.797436,-3.488384,1129.7435924313017,WUS,CA
18346,6.064068,7.9513288,893.4778683341594,CSX,CZ
57895,-5.797372,-15.602515,1377.4852521933265,YXE,UA
18565,5.1878276,-2.4482267,1102.122500701776,HGH,CZ
36886,-16.833338,4.615418,912.7658333008968,SBN,KL
67408,4.7976427,-4.5809655,1155.276576184057,YIH,ZH
21388,-2.4932797,38.849323,280.05553044332606,MSP,DL
20364,-13.6306305,28.252731,576.0034321824891,BTM,DL
48240,3.5607455,-10.673612,1306.1476031806906,CCU,S2
8094,-11.068005,-9.377475,1186.843015132446,YEG,AC
58599,-8.662089,33.193382,462.6451868615807,ART,US
6298,0.86920595,40.37961,107.70559301189599,ORD,AA
11165,-6.8664727,36.029953,399.94823505503666,MZT,AM
67344,6.0205183,5.1016884,954.0365165696898,WXN,ZH
16064,6.1649036,3.116354,994.9505002987494,CAN,CA
20078,-5.4670906,35.7827,383.5535197981502,ATL,DL
42923,2.1933432,37.366905,93.77595196345338,HND,NH
14822,9.892668,-35.22315,2050.7079202094415,MIA,BA
52432,-9.596767,32.117386,489.5347076781417,IAH,TK
43953,19.426395,-38.575138,2500.0015342760353,LAX,NZ
6972,-14.114065,23.982456,634.4819861279402,YUL,AA
9447,0.7078078,40.035896,133.36375513525203,CSG,AF
5389,-12.770958,-8.194816,1147.5330343094558,ELP,AA
25122,17.150288,-36.994663,2331.6937224643357,IAD,FL
25490,20.36907,-37.743477,2490.942451680013,SJU,FL
6748,-14.56784,-6.047451,1092.770297270906,SEA,AA
57273,-11.583794,28.977339,551.3002959262692,ORD,UA
52859,-1.4465082,-7.5112824,1228.6007958967095,VAN,TK
48265,4.7983537,20.810778,620.7161764150958,DEL,S2
32378,-3.2920058,13.903594,727.8907535675204,BIO,IB
20632,-12.008385,27.980288,567.2908403266033,DTW,DL
24952,-12.798078,27.420994,580.7082466113519,BWI,FL
14815,10.065947,-35.016396,2050.7079202094415,MEX,BA
32647,10.670027,-34.29242,2042.3688840142793,LPA,IB
21254,-14.763245,22.986355,648.1980637094117,MEM,DL
20594,-0.43283504,39.32812,214.6053347910662,DTW,DL
5744,-1.5921533,-24.562975,1536.9096838729727,LAX,AA
21709,-1.4265138,38.793118,251.37451111301613,SBN,DL
36543,6.7224045,-22.548008,1620.6789354214623,CGO,KL
21930,-13.973086,26.243196,602.6278122568301,TVC,DL
34783,6.706733,12.755376,791.8073335291131,OKA,JL
20183,-1.1477476,39.379307,236.01323878002455,ATL,DL
18693,6.485597,14.196167,760.9447954905063,KMG,CZ
24919,-16.95331,2.911,942.5190879390352,BHM,FL
17032,5.996303,0.14941666,1051.3520594374472,TNA,CA
32196,1.7027276,-21.453245,1546.8492407870758,AGP,IB
32353,-2.5255787,4.2592854,951.7499664555211,BCN,IB
25322,-16.157076,19.315563,700.17772989997,MKE,FL
41359,7.3404303,-25.069115,1717.6348128772295,BFJ,MU
58931,-16.353727,15.760277,753.0295420273412,DCA,US
41951,12.674839,-36.749367,2142.60090351117,NAY,MU
11698,32.3704,-45.98378,4057.331332747445,LAX,AS
59229,-10.976795,-10.301951,1205.2621757948934,EUG,US
41940,4.9661536,-6.449478,1199.5186670573323,NAY,MU
16462,4.819559,28.043188,449.784320021151,JDZ,CA
11174,-0.87825894,40.0041,212.5063997725279,PAZ,AM
36893,-14.567839,-6.047451,1092.770297270906,SEA,KL
25236,1.0347906,-27.123507,1672.2324530639405,MCO,FL
58694,-13.965914,23.805334,634.9360289769585,BUF,US
36817,5.0191627,25.512598,512.7424391715588,MYY,KL
56132,1.5526955,-27.240053,1683.6975522788057,DEN,UA
5706,10.710523,-35.77477,2105.6862643192053,LAX,AA
18484,3.7469988,-15.04521,1410.8998118914026,FOC,CZ
5495,-16.54353,10.239574,827.9094521082905,GSP,AA
18553,10.98569,-32.855965,2009.8163100212355,HGH,CZ
20598,-15.750823,19.990044,690.7614058950448,DTW,DL
34134,-1.1858876,37.781097,270.09476301143167,AGT,JJ
7891,-10.903671,29.8562,532.4333282076734,EWR,AC
51484,-0.6920495,-2.455706,1113.7348699818635,MED,SV
24135,5.2830315,1.6865305,1024.785234389164,BKK,EY
21846,-17.711378,10.830733,816.3692932994264,SLC,DL
18469,6.644149,-24.414045,1680.6125255029174,FOC,CZ
25294,25.11202,-41.458206,2950.3231462565745,MDW,FL
25071,-12.770933,-8.194818,1147.5330343094558,ELP,FL
33111,0.8646277,-19.724022,1490.1477806319942,CTA,IG
8968,-12.83486,-6.0047674,1113.7519369386584,ABE,AF
25085,33.062366,-45.737934,4150.825192288059,FLL,FL
44744,-2.4077976,3.29777,976.7260609028665,VIE,OS
57896,5.939137,-31.46963,1810.1498843056004,YXE,UA
25524,1.9653373,-27.524685,1702.254151919894,STL,FL
13633,16.070477,-38.422577,2346.9732008561878,PSA,AZ
20267,-9.150744,32.789383,476.1749661719181,ATW,DL
6882,26.688734,-43.692738,3154.615869978527,SYD,AA
19493,6.0705185,13.470959,773.672002394458,ZUH,CZ
21829,-17.75766,3.8951633,922.5064974943405,SLC,DL
67015,4.117862,-15.87375,1435.5848942587502,MIG,ZH
52778,-2.4630551,15.974812,675.2386275308916,SAW,TK
17083,13.660306,-37.287888,2214.385791775366,TYN,CA
21291,-0.9118527,38.9861,236.01323878002455,MGM,DL
25323,2.1584156,-27.816687,1719.0016535729674,MKE,FL
6610,-6.539016,-12.196831,1296.7295884283744,PMC,AA
18516,4.335304,-14.963429,1413.186455837255,HET,CZ
61769,1.0410898,25.284384,533.5303003729111,LHR,VS
41679,6.228032,8.225256,889.3589232681463,IQN,MU
5703,-12.405692,-7.910897,1147.5330343094558,LAX,AA
25024,22.072765,-39.91834,2684.395185118378,DAL,FL
18318,6.185607,9.382687,869.4984324945895,CKG,CZ
32227,-2.2489948,-5.6119423,1184.6843863453996,ALC,IB
42363,5.7861414,-20.011517,1543.737016103517,TOY,MU
67104,12.41513,-36.225536,2119.62248857123,PEK,ZH
39739,13.192142,-36.2181,2165.5711458598994,ZRH,LX
56535,-1.6784145,39.727665,244.37562494619817,GUC,UA
42809,5.7148786,-3.7886014,1131.5299447941195,DLC,NH
23845,-2.0177126,4.01153,958.8956955574558,LBV,ET
52270,-2.7773263,13.292761,742.588286572025,BAL,TK
60424,-16.434204,6.2010946,889.0793631073735,STL,US
25150,-6.2828064,36.79148,379.99427342364186,LAS,FL
25403,-11.48453,31.29075,521.2959219162142,PHX,FL
16082,6.3324933,-21.327007,1584.5776582097153,CAN,CA
66786,5.447985,20.820698,622.7660519319492,CTU,ZH
53945,20.265099,-39.379528,2563.9028248693526,HOG,TS
17076,6.294748,8.97326,877.1834213427495,TYN,CA
57296,-16.191307,5.052006,908.6657764531769,ORD,UA
56891,-6.5134635,-13.774134,1320.9464209472949,JAX,UA
33127,-1.8934957,-9.459839,1292.5700924063499,DUS,IG
13628,-3.2572944,12.386513,771.401787749559,PRG,AZ
20626,-16.469013,11.419729,811.1650911815404,DTW,DL
67122,6.098461,21.71986,604.6948144872644,PEK,ZH
32451,25.924223,-42.53054,3028.6991572578568,DME,IB
12804,1.6861582,-22.364676,1563.9306140569588,LIS,AY
9940,-16.858368,5.2125044,904.9730602758367,SGF,AF
24943,-8.726987,33.142597,464.4457594256941,BWI,FL
18546,3.7953615,-15.149151,1413.186455837255,HGH,CZ
32489,-3.2057736,8.080537,870.0918551558901,FLR,IB
18564,6.0666595,1.4782115,1028.3947203090624,HGH,CZ
12959,-2.5460408,4.8440814,936.9093615891178,AMS,AZ
25601,5.5342855,-1.9848317,1094.0534638469685,HGH,FM
32818,0.1512667,36.5906,295.6423317476063,ORN,IB
61188,6.9465346,-24.717878,1697.6123336271958,SIN,VA
24973,-4.0780125,36.994186,337.69034956976526,BWI,FL
34846,5.8318043,15.710988,725.3264251602993,WUH,JL
16152,4.780929,-6.763201,1206.2171955187937,CKG,CA
6375,31.46047,-44.94506,3773.2264283350205,PDX,AA
47492,32.301113,-45.3485,3928.037600752204,JFK,QR
17074,5.8042965,11.862022,809.8895221252066,TYN,CA
23873,-1.8842382,4.035854,958.8956955574558,LOS,ET
8167,-0.091412,-25.179497,1590.0360718046024,YQR,AC
4100,3.840412,30.229244,373.3975268277649,DIB,9W
67076,3.929343,-10.297289,1292.85500224243,PEK,ZH
19352,4.424866,-13.950874,1382.5280376558167,WUS,CZ
18472,5.765434,4.2878194,968.3409251399753,FOC,CZ
8377,-15.871995,10.07054,833.7892741888634,YYR,AC
24930,-15.60452,0.40124485,986.457603802004,BNA,FL
50457,28.361652,-44.341896,3339.1226366067644,DRW,SQ
18660,6.5671697,13.544619,772.7737498122954,JJN,CZ
37728,-17.235641,14.137202,771.895203239971,MDE,LA
23013,-5.8808255,-14.5623255,1349.2498778486824,ORD,EI
47136,22.050117,-41.89872,2754.392006664883,SYD,QF
48315,2.979674,-10.841954,1306.1476031806906,IXZ,S2
52429,-3.0711906,11.754587,787.7319458903048,HTY,TK
33243,-3.3176546,11.747706,787.3561058323708,VCE,IG
25138,1.3458753,-26.70647,1665.2978816790862,ISP,FL
56716,-14.549287,-3.3464355,1056.5249141955028,IAH,UA
20282,-16.491674,15.446847,756.7409032246061,AVL,DL
56407,8.153616,-33.733456,1950.7682271580256,EWR,UA
16880,5.824569,23.048655,570.5258284395953,SHA,CA
10943,-4.115672,37.69897,329.19180088346644,CUU,AM
16966,4.940564,26.689222,488.1936073323416,SZX,CA
34409,14.061292,-35.478752,2180.49495951135,PUQ,JJ
9896,23.05143,-40.859436,2779.9424541114654,PTY,AF
4198,6.8765364,16.153326,722.6867080616067,PNQ,9W
33009,-2.3318565,-7.5684605,1229.441879753691,ZAG,IB
25534,-12.092663,29.42362,549.3096024263966,STL,FL
67313,6.2623487,10.978495,834.5078680495141,WUA,ZH
57023,-17.06654,17.236252,734.3530526388116,LBB,UA
59513,-7.857157,35.14841,428.57257724310887,LAX,US
13622,2.466837,-23.482212,1599.4668042592991,PMO,AZ
13571,29.240759,-44.48231,3443.1613452881306,NBO,AZ
16969,5.1849885,22.758467,576.276378294366,SZX,CA
66970,5.360368,-19.794758,1534.3372232268869,KMG,ZH
16129,8.270707,-28.616594,1781.1957802145341,CGQ,CA
13103,14.184592,-37.015938,2229.565679627245,BLQ,AZ
50878,1.704134,-20.641504,1528.476972284757,KLV,SU
67260,3.6381762,-15.039506,1409.9498649266511,TNA,ZH
42808,6.6778684,2.9122808,997.2012684984835,DLC,NH
48641,33.128227,-46.91848,4727.259684690521,MUC,S7
6753,32.574406,-45.990234,4104.686595514186,SEA,AA
34669,5.891334,-20.455067,1553.3438825760197,KIX,JL
19435,6.0169826,2.2923138,1007.9496445320623,XMN,CZ
18616,6.011974,17.75141,681.8738390374103,HSN,CZ
10970,-16.991713,2.4174433,948.3307869896344,GDL,AM
17217,5.055419,23.43588,561.3796849894189,XMN,CA
31332,4.42288,28.207584,445.1449266358601,HKG,HU
32686,-2.0186145,-8.864567,1270.9016140085373,MAD,IB
32270,30.558697,-44.542664,3599.883987412828,BCN,IB
20611,-17.23116,8.412823,856.4243061713111,DTW,DL
50515,4.214686,32.71437,235.56776702528242,REP,SQ
59318,-6.123662,35.388992,399.0390135031958,GSO,US
25075,-12.169012,-7.2373366,1141.0753333344596,EWR,FL
57168,-7.5933986,34.85088,428.57257724310887,MRY,UA
42435,4.5467367,30.300877,368.33877513092835,WNZ,MU
25255,-5.061156,-16.832096,1437.3400163380295,MDW,FL
6960,-13.414929,25.577587,607.0884895838692,YOW,AA
32391,1.4552402,27.600044,453.4685822879098,BOD,IB
32502,-2.291181,-0.7389129,1068.833686472654,GOT,IB
29854,5.747023,16.159712,717.8260663730083,TPE,GE
50609,25.209728,-43.16274,2993.24564460939,SIN,SQ
17133,6.488847,10.954533,835.246131153318,WUH,CA
41927,4.583294,29.437983,404.7265414216648,NAY,MU
66779,4.973773,-3.3667753,1127.3578424166913,CTU,ZH
62450,28.555092,-43.586624,3328.5780712458677,EBL,W2
54011,32.42327,-45.540794,3980.528602553078,YUL,TS
20904,-1.6842513,39.484077,247.30292239019502,INL,DL
57069,-9.516157,32.464367,484.6439036839163,LRD,UA
56726,-1.702028,-22.883436,1485.828012139484,IAH,UA
33220,-3.1808968,8.359234,866.6539186577961,STR,IG
32388,-3.3767767,9.933269,831.3202252007096,BLQ,IB
32876,1.4050258,27.28519,467.56389986107337,PMI,IB
59378,-10.498599,30.787062,515.2548341106861,ILM,US
67275,13.771758,-37.76635,2233.530743431901,TSN,ZH
13210,28.163464,-43.753178,3300.109724333543,CMB,AZ
64861,-15.215821,21.853497,664.2462461278508,YYZ,WS
17112,6.339819,6.1179338,929.9979998960487,WNZ,CA
55964,-16.63744,5.89278,893.8160893493855,CLE,UA
5804,3.0876498,-26.002874,1675.8560299273577,LHR,AA
33096,-1.9247766,-9.585502,1296.7090758937477,BRI,IG
36978,22.019432,-40.2727,2689.181913071905,YYC,KL
21791,-5.2316256,37.222656,356.60781303109263,SLC,DL
58097,25.476154,-43.036728,3007.713585525812,SEZ,UL
13760,1.356716,25.27917,530.4480272884257,VCE,AZ
19222,9.102656,-30.161535,1863.4019871814776,TSN,CZ
66898,9.858794,-31.313087,1932.4884995411953,HRB,ZH
66744,5.103677,-18.926823,1511.0434362676215,CTU,ZH
9253,20.696402,-41.13815,2648.420817398125,CAN,AF
32887,6.802746,-32.218628,1861.8494313269127,PTY,IB
36825,17.36967,-38.969025,2409.7862241662365,NBO,KL
6513,-13.978324,23.946814,634.4819861279402,PHL,AA
5577,-6.1246104,35.34177,399.62924890611106,ISP,AA
56433,-10.331885,-10.36307,1209.8413800799547,FCA,UA
44292,1.4840055,24.35753,564.1522802266165,SKG,OA
67296,5.0163155,3.047342,997.8822900667134,URC,ZH
57303,-1.5510008,38.956497,251.6273168935234,ORD,UA
37578,-2.1509047,37.881203,289.87253921173357,BGA,LA
50623,25.216753,-43.1044,2993.24564460939,XMN,SQ
21765,-16.810743,6.4888573,885.5733939633426,SHV,DL
6210,31.743748,-44.49473,3776.959826221359,OGG,AA
32653,-1.2429559,-16.544601,1377.5380766119608,LPA,IB
41539,5.6409035,17.251066,691.7166146247383,ENY,MU
56195,-8.218913,-13.004046,1274.3195847791578,DEN,UA
33010,-3.35899,8.876297,856.5296912872802,ZRH,IB
187,6.2287188,0.6235163,1039.9236312136568,GES,2P
17113,5.712748,0.19278358,1051.3520594374472,WNZ,CA
7957,-10.799331,30.27369,526.0363225770185,LGA,AC
11627,7.6948633,-33.572018,1934.858633034494,DFW,AS
9443,4.877837,21.97002,596.7081267163255,CNX,AF
9066,-15.394661,19.442225,696.3169163964758,ATL,AF
5099,-14.591012,23.72808,636.9195642933923,DCA,AA
58959,-10.527622,30.82877,515.2548341106861,DCA,US
57245,6.272817,-31.496218,1819.7552438970686,OMA,UA
4033,3.9216127,-20.650846,1546.8398946011116,CCU,9W
